model,song_id,true_label,segment_count,segment_correct,segment_acc_in_song,majority_pred_label,majority_correct,prob_avg_pred_label,prob_avg_correct,prob_avg_confidence,mean_segment_confidence,prediction_sequence_by_slice
cnn,blues__blues.00000,blues,20,7,0.35,rock,0,rock,0,0.5580287128686905,0.6206072568893433,"blues,blues,rock,rock,blues,blues,rock,rock,rock,rock,rock,rock,rock,rock,rock,blues,rock,rock,blues,blues"
cnn,blues__blues.00001,blues,20,19,0.95,blues,1,blues,1,0.7580138236284256,0.7666102647781372,"blues,blues,blues,blues,blues,blues,blues,rock,blues,blues,blues,blues,blues,blues,blues,blues,blues,blues,blues,blues"
cnn,blues__blues.00009,blues,20,9,0.45,blues,1,jazz,0,0.42785307914018633,0.677759051322937,"blues,rock,blues,blues,jazz,jazz,blues,jazz,blues,blues,jazz,blues,blues,jazz,classical,jazz,jazz,blues,jazz,jazz"
cnn,blues__blues.00011,blues,20,19,0.95,blues,1,blues,1,0.7437564134597778,0.7650409936904907,"jazz,blues,blues,blues,blues,blues,blues,blues,blues,blues,blues,blues,blues,blues,blues,blues,blues,blues,blues,blues"
cnn,blues__blues.00031,blues,20,20,1.0,blues,1,blues,1,0.8290938720107078,0.8290938138961792,"blues,blues,blues,blues,blues,blues,blues,blues,blues,blues,blues,blues,blues,blues,blues,blues,blues,blues,blues,blues"
cnn,blues__blues.00034,blues,20,19,0.95,blues,1,blues,1,0.8697667807340622,0.8818876147270203,"blues,blues,blues,blues,blues,blues,blues,blues,blues,blues,blues,blues,blues,rock,blues,blues,blues,blues,blues,blues"
cnn,blues__blues.00039,blues,20,20,1.0,blues,1,blues,1,0.8772846043109894,0.8772846460342407,"blues,blues,blues,blues,blues,blues,blues,blues,blues,blues,blues,blues,blues,blues,blues,blues,blues,blues,blues,blues"
cnn,blues__blues.00052,blues,20,20,1.0,blues,1,blues,1,0.9380925476551056,0.9380925893783569,"blues,blues,blues,blues,blues,blues,blues,blues,blues,blues,blues,blues,blues,blues,blues,blues,blues,blues,blues,blues"
cnn,blues__blues.00054,blues,20,12,0.6,blues,1,blues,1,0.4850479193031788,0.5911130309104919,"hiphop,blues,blues,hiphop,hiphop,blues,hiphop,blues,blues,hiphop,blues,blues,hiphop,hiphop,blues,hiphop,blues,blues,blues,blues"
cnn,blues__blues.00057,blues,20,20,1.0,blues,1,blues,1,0.8307294532656669,0.8307293653488159,"blues,blues,blues,blues,blues,blues,blues,blues,blues,blues,blues,blues,blues,blues,blues,blues,blues,blues,blues,blues"
cnn,blues__blues.00060,blues,20,20,1.0,blues,1,blues,1,0.806096437573433,0.8060963749885559,"blues,blues,blues,blues,blues,blues,blues,blues,blues,blues,blues,blues,blues,blues,blues,blues,blues,blues,blues,blues"
cnn,blues__blues.00066,blues,20,16,0.8,blues,1,blues,1,0.6402455620467663,0.6762004494667053,"blues,blues,blues,blues,blues,metal,reggae,hiphop,blues,blues,blues,blues,blues,blues,blues,jazz,blues,blues,blues,blues"
cnn,blues__blues.00068,blues,20,13,0.65,blues,1,blues,1,0.5673005919903517,0.7419348955154419,"jazz,jazz,blues,blues,blues,blues,blues,jazz,jazz,jazz,blues,blues,blues,blues,blues,blues,blues,blues,jazz,jazz"
cnn,blues__blues.00070,blues,20,9,0.45,blues,1,blues,1,0.3588854564353824,0.5747178792953491,"rock,rock,rock,rock,blues,blues,hiphop,hiphop,blues,reggae,reggae,blues,blues,blues,blues,blues,rock,blues,rock,rock"
cnn,blues__blues.00071,blues,20,20,1.0,blues,1,blues,1,0.8270717769861221,0.8270717859268188,"blues,blues,blues,blues,blues,blues,blues,blues,blues,blues,blues,blues,blues,blues,blues,blues,blues,blues,blues,blues"
cnn,classical__classical.00000,classical,20,20,1.0,classical,1,classical,1,0.8684591263532638,0.8684591054916382,"classical,classical,classical,classical,classical,classical,classical,classical,classical,classical,classical,classical,classical,classical,classical,classical,classical,classical,classical,classical"
cnn,classical__classical.00002,classical,20,20,1.0,classical,1,classical,1,0.7174451723694801,0.7174451947212219,"classical,classical,classical,classical,classical,classical,classical,classical,classical,classical,classical,classical,classical,classical,classical,classical,classical,classical,classical,classical"
cnn,classical__classical.00006,classical,20,20,1.0,classical,1,classical,1,0.8582150757312774,0.8582151532173157,"classical,classical,classical,classical,classical,classical,classical,classical,classical,classical,classical,classical,classical,classical,classical,classical,classical,classical,classical,classical"
cnn,classical__classical.00009,classical,20,20,1.0,classical,1,classical,1,0.8657439708709717,0.8657439947128296,"classical,classical,classical,classical,classical,classical,classical,classical,classical,classical,classical,classical,classical,classical,classical,classical,classical,classical,classical,classical"
cnn,classical__classical.00022,classical,20,20,1.0,classical,1,classical,1,0.9227999567985534,0.9227998852729797,"classical,classical,classical,classical,classical,classical,classical,classical,classical,classical,classical,classical,classical,classical,classical,classical,classical,classical,classical,classical"
cnn,classical__classical.00034,classical,20,20,1.0,classical,1,classical,1,0.9298148661851883,0.9298148155212402,"classical,classical,classical,classical,classical,classical,classical,classical,classical,classical,classical,classical,classical,classical,classical,classical,classical,classical,classical,classical"
cnn,classical__classical.00037,classical,20,18,0.9,classical,1,classical,1,0.7842754945158958,0.8408063054084778,"classical,classical,classical,classical,jazz,jazz,classical,classical,classical,classical,classical,classical,classical,classical,classical,classical,classical,classical,classical,classical"
cnn,classical__classical.00039,classical,20,17,0.85,classical,1,classical,1,0.7706195622682571,0.8336257934570312,"classical,classical,classical,classical,classical,classical,classical,jazz,classical,classical,classical,jazz,jazz,classical,classical,classical,classical,classical,classical,classical"
cnn,classical__classical.00047,classical,20,20,1.0,classical,1,classical,1,0.9400937020778656,0.9400938153266907,"classical,classical,classical,classical,classical,classical,classical,classical,classical,classical,classical,classical,classical,classical,classical,classical,classical,classical,classical,classical"
cnn,classical__classical.00053,classical,20,20,1.0,classical,1,classical,1,0.8606299132108688,0.8606299161911011,"classical,classical,classical,classical,classical,classical,classical,classical,classical,classical,classical,classical,classical,classical,classical,classical,classical,classical,classical,classical"
cnn,classical__classical.00056,classical,20,18,0.9,classical,1,classical,1,0.5527809984982014,0.5630695819854736,"classical,classical,classical,classical,classical,classical,classical,classical,classical,pop,pop,classical,classical,classical,classical,classical,classical,classical,classical,classical"
cnn,classical__classical.00057,classical,20,16,0.8,classical,1,classical,1,0.700632132217288,0.7705598473548889,"jazz,jazz,classical,classical,classical,classical,classical,classical,classical,classical,classical,classical,classical,classical,jazz,jazz,classical,classical,classical,classical"
cnn,classical__classical.00065,classical,20,20,1.0,classical,1,classical,1,0.8809908747673034,0.8809908032417297,"classical,classical,classical,classical,classical,classical,classical,classical,classical,classical,classical,classical,classical,classical,classical,classical,classical,classical,classical,classical"
cnn,classical__classical.00082,classical,20,20,1.0,classical,1,classical,1,0.8781572043895721,0.8781571388244629,"classical,classical,classical,classical,classical,classical,classical,classical,classical,classical,classical,classical,classical,classical,classical,classical,classical,classical,classical,classical"
cnn,classical__classical.00091,classical,20,20,1.0,classical,1,classical,1,0.8830669790506362,0.8830669522285461,"classical,classical,classical,classical,classical,classical,classical,classical,classical,classical,classical,classical,classical,classical,classical,classical,classical,classical,classical,classical"
cnn,country__country.00001,country,20,18,0.9,country,1,country,1,0.5436375815421343,0.5935174226760864,"country,country,country,country,country,country,country,country,country,country,pop,metal,country,country,country,country,country,country,country,country"
cnn,country__country.00011,country,20,4,0.2,jazz,0,jazz,0,0.48327492172829806,0.6548106670379639,"jazz,jazz,jazz,jazz,jazz,jazz,pop,country,country,jazz,jazz,jazz,jazz,jazz,rock,jazz,jazz,jazz,country,country"
cnn,country__country.00013,country,20,8,0.4,rock,0,rock,0,0.45822016084566713,0.6987911462783813,"country,country,rock,country,rock,rock,rock,rock,country,country,rock,rock,rock,rock,rock,rock,disco,country,country,country"
cnn,country__country.00029,country,20,18,0.9,country,1,country,1,0.6952204238623381,0.7456525564193726,"country,country,country,jazz,country,country,country,country,country,country,country,country,country,country,country,country,country,country,jazz,country"
cnn,country__country.00047,country,20,20,1.0,country,1,country,1,0.8981979757547378,0.898198127746582,"country,country,country,country,country,country,country,country,country,country,country,country,country,country,country,country,country,country,country,country"
cnn,country__country.00057,country,20,15,0.75,country,1,country,1,0.6307094113901257,0.7516772150993347,"country,country,country,country,blues,country,country,country,country,country,country,country,country,country,rock,rock,blues,blues,country,country"
cnn,country__country.00059,country,20,9,0.45,blues,0,country,1,0.410313019528985,0.644922137260437,"blues,blues,blues,blues,blues,blues,blues,blues,country,country,rock,blues,blues,country,country,country,country,country,country,country"
cnn,country__country.00067,country,20,6,0.3,blues,0,blues,0,0.4518417621962726,0.7261658906936646,"rock,blues,blues,blues,blues,country,country,country,jazz,jazz,jazz,country,country,blues,blues,country,blues,blues,blues,blues"
cnn,country__country.00068,country,20,8,0.4,country,1,country,1,0.3357924696058035,0.5834617614746094,"rock,rock,rock,country,country,rock,country,country,country,jazz,blues,blues,country,country,blues,blues,country,rock,blues,blues"
cnn,country__country.00069,country,20,11,0.55,country,1,country,1,0.4721106501296163,0.698505163192749,"classical,classical,blues,country,country,rock,reggae,blues,country,country,country,country,country,country,country,country,country,classical,blues,blues"
cnn,country__country.00075,country,20,0,0.0,blues,0,blues,0,0.3466765981167555,0.6138414144515991,"rock,rock,blues,blues,blues,rock,rock,jazz,rock,rock,blues,blues,jazz,jazz,blues,hiphop,rock,rock,blues,blues"
cnn,country__country.00076,country,20,9,0.45,country,1,country,1,0.41896290611475706,0.675804853439331,"country,blues,blues,country,country,country,blues,country,country,country,rock,country,country,rock,rock,blues,blues,blues,blues,blues"
cnn,country__country.00077,country,20,17,0.85,country,1,country,1,0.7513783924281597,0.8213807940483093,"country,country,country,country,country,rock,country,country,country,rock,rock,country,country,country,country,country,country,country,country,country"
cnn,country__country.00097,country,20,20,1.0,country,1,country,1,0.8700117543339729,0.8700118064880371,"country,country,country,country,country,country,country,country,country,country,country,country,country,country,country,country,country,country,country,country"
cnn,country__country.00099,country,20,5,0.25,blues,0,blues,0,0.5613167132250965,0.7049988508224487,"blues,blues,reggae,country,country,blues,blues,country,blues,blues,blues,country,blues,blues,country,blues,blues,blues,blues,blues"
cnn,disco__disco.00000,disco,20,18,0.9,disco,1,disco,1,0.776773002743721,0.797710120677948,"disco,disco,disco,disco,disco,disco,disco,disco,disco,disco,disco,disco,hiphop,hiphop,disco,disco,disco,disco,disco,disco"
cnn,disco__disco.00003,disco,20,11,0.55,disco,1,disco,1,0.43063556412234905,0.5682169198989868,"country,rock,rock,hiphop,hiphop,hiphop,disco,disco,reggae,disco,disco,disco,disco,disco,disco,hiphop,disco,disco,reggae,disco"
cnn,disco__disco.00010,disco,20,0,0.0,hiphop,0,hiphop,0,0.47310065627098086,0.5694762468338013,"pop,pop,pop,pop,pop,pop,hiphop,hiphop,hiphop,hiphop,hiphop,pop,pop,hiphop,pop,hiphop,hiphop,hiphop,hiphop,hiphop"
cnn,disco__disco.00020,disco,20,0,0.0,reggae,0,reggae,0,0.4473055356182158,0.7708808779716492,"reggae,reggae,country,country,country,country,rock,country,country,rock,reggae,reggae,reggae,reggae,country,reggae,country,reggae,reggae,reggae"
cnn,disco__disco.00021,disco,20,12,0.6,disco,1,disco,1,0.5520773255266249,0.6892386078834534,"classical,pop,disco,disco,disco,disco,disco,disco,disco,disco,disco,disco,disco,disco,pop,pop,pop,pop,pop,pop"
cnn,disco__disco.00030,disco,20,8,0.4,disco,1,disco,1,0.35642249409575016,0.5992449522018433,"disco,pop,disco,disco,disco,pop,rock,disco,hiphop,hiphop,hiphop,hiphop,rock,disco,rock,pop,pop,hiphop,disco,disco"
cnn,disco__disco.00040,disco,20,0,0.0,reggae,0,reggae,0,0.7686734646558762,0.7686734795570374,"reggae,reggae,reggae,reggae,reggae,reggae,reggae,reggae,reggae,reggae,reggae,reggae,reggae,reggae,reggae,reggae,reggae,reggae,reggae,reggae"
cnn,disco__disco.00044,disco,20,19,0.95,disco,1,disco,1,0.8255257159471512,0.8361765742301941,"disco,disco,disco,disco,disco,disco,disco,disco,pop,disco,disco,disco,disco,disco,disco,disco,disco,disco,disco,disco"
cnn,disco__disco.00055,disco,20,20,1.0,disco,1,disco,1,0.9324800997972489,0.9324800372123718,"disco,disco,disco,disco,disco,disco,disco,disco,disco,disco,disco,disco,disco,disco,disco,disco,disco,disco,disco,disco"
cnn,disco__disco.00064,disco,20,20,1.0,disco,1,disco,1,0.928040874004364,0.9280408620834351,"disco,disco,disco,disco,disco,disco,disco,disco,disco,disco,disco,disco,disco,disco,disco,disco,disco,disco,disco,disco"
cnn,disco__disco.00075,disco,20,13,0.65,disco,1,disco,1,0.48703175149857997,0.6680444478988647,"disco,disco,disco,disco,disco,disco,metal,metal,disco,metal,metal,metal,disco,disco,disco,disco,disco,disco,metal,metal"
cnn,disco__disco.00084,disco,20,18,0.9,disco,1,disco,1,0.7943787425756454,0.8181095123291016,"disco,disco,disco,hiphop,disco,disco,disco,disco,disco,disco,disco,disco,disco,disco,disco,disco,disco,hiphop,disco,disco"
cnn,disco__disco.00093,disco,20,20,1.0,disco,1,disco,1,0.7789524510502815,0.778952419757843,"disco,disco,disco,disco,disco,disco,disco,disco,disco,disco,disco,disco,disco,disco,disco,disco,disco,disco,disco,disco"
cnn,disco__disco.00094,disco,20,0,0.0,metal,0,metal,0,0.36023759469389915,0.5900448560714722,"blues,blues,blues,metal,metal,metal,metal,metal,metal,metal,metal,metal,rock,blues,blues,blues,blues,metal,metal,metal"
cnn,disco__disco.00095,disco,20,20,1.0,disco,1,disco,1,0.9278612613677979,0.9278613328933716,"disco,disco,disco,disco,disco,disco,disco,disco,disco,disco,disco,disco,disco,disco,disco,disco,disco,disco,disco,disco"
cnn,hiphop__hiphop.00002,hiphop,20,20,1.0,hiphop,1,hiphop,1,0.8295468777418137,0.8295468091964722,"hiphop,hiphop,hiphop,hiphop,hiphop,hiphop,hiphop,hiphop,hiphop,hiphop,hiphop,hiphop,hiphop,hiphop,hiphop,hiphop,hiphop,hiphop,hiphop,hiphop"
cnn,hiphop__hiphop.00034,hiphop,20,20,1.0,hiphop,1,hiphop,1,0.9332783132791519,0.9332782626152039,"hiphop,hiphop,hiphop,hiphop,hiphop,hiphop,hiphop,hiphop,hiphop,hiphop,hiphop,hiphop,hiphop,hiphop,hiphop,hiphop,hiphop,hiphop,hiphop,hiphop"
cnn,hiphop__hiphop.00038,hiphop,19,19,1.0,hiphop,1,hiphop,1,0.6971864088585502,0.6971864700317383,"hiphop,hiphop,hiphop,hiphop,hiphop,hiphop,hiphop,hiphop,hiphop,hiphop,hiphop,hiphop,hiphop,hiphop,hiphop,hiphop,hiphop,hiphop,hiphop"
cnn,hiphop__hiphop.00040,hiphop,20,2,0.1,pop,0,pop,0,0.45881253872066735,0.5962667465209961,"pop,blues,pop,pop,country,country,pop,reggae,pop,pop,pop,pop,hiphop,hiphop,pop,pop,pop,pop,pop,pop"
cnn,hiphop__hiphop.00042,hiphop,20,19,0.95,hiphop,1,hiphop,1,0.8764429032802582,0.8926166296005249,"reggae,hiphop,hiphop,hiphop,hiphop,hiphop,hiphop,hiphop,hiphop,hiphop,hiphop,hiphop,hiphop,hiphop,hiphop,hiphop,hiphop,hiphop,hiphop,hiphop"
cnn,hiphop__hiphop.00044,hiphop,20,4,0.2,rock,0,rock,0,0.34914540611207484,0.6038604974746704,"hiphop,hiphop,hiphop,hiphop,pop,reggae,pop,pop,reggae,rock,rock,rock,rock,rock,rock,rock,rock,country,rock,rock"
cnn,hiphop__hiphop.00053,hiphop,20,9,0.45,pop,0,pop,0,0.42708054948598145,0.7497717142105103,"pop,pop,pop,pop,pop,pop,pop,pop,pop,hiphop,hiphop,hiphop,hiphop,pop,hiphop,hiphop,pop,hiphop,hiphop,hiphop"
cnn,hiphop__hiphop.00076,hiphop,20,20,1.0,hiphop,1,hiphop,1,0.9265368312597275,0.9265368580818176,"hiphop,hiphop,hiphop,hiphop,hiphop,hiphop,hiphop,hiphop,hiphop,hiphop,hiphop,hiphop,hiphop,hiphop,hiphop,hiphop,hiphop,hiphop,hiphop,hiphop"
cnn,hiphop__hiphop.00079,hiphop,20,1,0.05,pop,0,pop,0,0.7241205930709839,0.7435563802719116,"hiphop,pop,pop,pop,pop,pop,pop,pop,pop,pop,pop,pop,pop,pop,pop,pop,pop,pop,pop,pop"
cnn,hiphop__hiphop.00082,hiphop,20,20,1.0,hiphop,1,hiphop,1,0.8925283640623093,0.8925284147262573,"hiphop,hiphop,hiphop,hiphop,hiphop,hiphop,hiphop,hiphop,hiphop,hiphop,hiphop,hiphop,hiphop,hiphop,hiphop,hiphop,hiphop,hiphop,hiphop,hiphop"
cnn,hiphop__hiphop.00087,hiphop,20,20,1.0,hiphop,1,hiphop,1,0.9316478699445725,0.9316478967666626,"hiphop,hiphop,hiphop,hiphop,hiphop,hiphop,hiphop,hiphop,hiphop,hiphop,hiphop,hiphop,hiphop,hiphop,hiphop,hiphop,hiphop,hiphop,hiphop,hiphop"
cnn,hiphop__hiphop.00089,hiphop,20,20,1.0,hiphop,1,hiphop,1,0.9003946959972382,0.9003946185112,"hiphop,hiphop,hiphop,hiphop,hiphop,hiphop,hiphop,hiphop,hiphop,hiphop,hiphop,hiphop,hiphop,hiphop,hiphop,hiphop,hiphop,hiphop,hiphop,hiphop"
cnn,hiphop__hiphop.00093,hiphop,20,4,0.2,metal,0,metal,0,0.6335007891058921,0.6755374670028687,"metal,metal,metal,metal,metal,metal,metal,hiphop,hiphop,hiphop,metal,hiphop,metal,metal,metal,metal,metal,metal,metal,metal"
cnn,hiphop__hiphop.00094,hiphop,20,18,0.9,hiphop,1,hiphop,1,0.8077727228403091,0.8318364024162292,"hiphop,hiphop,hiphop,hiphop,hiphop,hiphop,hiphop,hiphop,hiphop,hiphop,hiphop,hiphop,hiphop,metal,metal,hiphop,hiphop,hiphop,hiphop,hiphop"
cnn,hiphop__hiphop.00098,hiphop,20,20,1.0,hiphop,1,hiphop,1,0.9417918026447296,0.941791832447052,"hiphop,hiphop,hiphop,hiphop,hiphop,hiphop,hiphop,hiphop,hiphop,hiphop,hiphop,hiphop,hiphop,hiphop,hiphop,hiphop,hiphop,hiphop,hiphop,hiphop"
cnn,jazz__jazz.00033,jazz,20,20,1.0,jazz,1,jazz,1,0.9469046175479889,0.9469045400619507,"jazz,jazz,jazz,jazz,jazz,jazz,jazz,jazz,jazz,jazz,jazz,jazz,jazz,jazz,jazz,jazz,jazz,jazz,jazz,jazz"
cnn,jazz__jazz.00041,jazz,20,20,1.0,jazz,1,jazz,1,0.9439595460891723,0.9439595937728882,"jazz,jazz,jazz,jazz,jazz,jazz,jazz,jazz,jazz,jazz,jazz,jazz,jazz,jazz,jazz,jazz,jazz,jazz,jazz,jazz"
cnn,jazz__jazz.00046,jazz,20,20,1.0,jazz,1,jazz,1,0.9400279015302658,0.9400278925895691,"jazz,jazz,jazz,jazz,jazz,jazz,jazz,jazz,jazz,jazz,jazz,jazz,jazz,jazz,jazz,jazz,jazz,jazz,jazz,jazz"
cnn,jazz__jazz.00048,jazz,20,20,1.0,jazz,1,jazz,1,0.8977296769618988,0.8977296948432922,"jazz,jazz,jazz,jazz,jazz,jazz,jazz,jazz,jazz,jazz,jazz,jazz,jazz,jazz,jazz,jazz,jazz,jazz,jazz,jazz"
cnn,jazz__jazz.00050,jazz,20,3,0.15,hiphop,0,hiphop,0,0.36292842533439396,0.5520222187042236,"jazz,hiphop,hiphop,hiphop,hiphop,reggae,hiphop,jazz,jazz,pop,pop,hiphop,hiphop,pop,disco,hiphop,pop,pop,pop,pop"
cnn,jazz__jazz.00059,jazz,20,17,0.85,jazz,1,jazz,1,0.6175458969548344,0.7115805745124817,"jazz,jazz,jazz,jazz,jazz,jazz,jazz,jazz,blues,hiphop,hiphop,jazz,jazz,jazz,jazz,jazz,jazz,jazz,jazz,jazz"
cnn,jazz__jazz.00060,jazz,20,20,1.0,jazz,1,jazz,1,0.9363329201936722,0.9363330006599426,"jazz,jazz,jazz,jazz,jazz,jazz,jazz,jazz,jazz,jazz,jazz,jazz,jazz,jazz,jazz,jazz,jazz,jazz,jazz,jazz"
cnn,jazz__jazz.00071,jazz,20,20,1.0,jazz,1,jazz,1,0.9327427387237549,0.9327427744865417,"jazz,jazz,jazz,jazz,jazz,jazz,jazz,jazz,jazz,jazz,jazz,jazz,jazz,jazz,jazz,jazz,jazz,jazz,jazz,jazz"
cnn,jazz__jazz.00081,jazz,20,20,1.0,jazz,1,jazz,1,0.8665160894393921,0.86651611328125,"jazz,jazz,jazz,jazz,jazz,jazz,jazz,jazz,jazz,jazz,jazz,jazz,jazz,jazz,jazz,jazz,jazz,jazz,jazz,jazz"
cnn,jazz__jazz.00084,jazz,20,20,1.0,jazz,1,jazz,1,0.9294931173324585,0.9294931292533875,"jazz,jazz,jazz,jazz,jazz,jazz,jazz,jazz,jazz,jazz,jazz,jazz,jazz,jazz,jazz,jazz,jazz,jazz,jazz,jazz"
cnn,jazz__jazz.00086,jazz,20,20,1.0,jazz,1,jazz,1,0.8950805425643921,0.89508056640625,"jazz,jazz,jazz,jazz,jazz,jazz,jazz,jazz,jazz,jazz,jazz,jazz,jazz,jazz,jazz,jazz,jazz,jazz,jazz,jazz"
cnn,jazz__jazz.00091,jazz,20,20,1.0,jazz,1,jazz,1,0.8417802825570107,0.8417803049087524,"jazz,jazz,jazz,jazz,jazz,jazz,jazz,jazz,jazz,jazz,jazz,jazz,jazz,jazz,jazz,jazz,jazz,jazz,jazz,jazz"
cnn,jazz__jazz.00092,jazz,20,20,1.0,jazz,1,jazz,1,0.8373909503221512,0.8373910188674927,"jazz,jazz,jazz,jazz,jazz,jazz,jazz,jazz,jazz,jazz,jazz,jazz,jazz,jazz,jazz,jazz,jazz,jazz,jazz,jazz"
cnn,jazz__jazz.00096,jazz,20,20,1.0,jazz,1,jazz,1,0.9444104880094528,0.9444104433059692,"jazz,jazz,jazz,jazz,jazz,jazz,jazz,jazz,jazz,jazz,jazz,jazz,jazz,jazz,jazz,jazz,jazz,jazz,jazz,jazz"
cnn,jazz__jazz.00099,jazz,20,20,1.0,jazz,1,jazz,1,0.9461938261985778,0.9461938142776489,"jazz,jazz,jazz,jazz,jazz,jazz,jazz,jazz,jazz,jazz,jazz,jazz,jazz,jazz,jazz,jazz,jazz,jazz,jazz,jazz"
cnn,metal__metal.00002,metal,20,20,1.0,metal,1,metal,1,0.8335999503731728,0.8335999250411987,"metal,metal,metal,metal,metal,metal,metal,metal,metal,metal,metal,metal,metal,metal,metal,metal,metal,metal,metal,metal"
cnn,metal__metal.00004,metal,20,20,1.0,metal,1,metal,1,0.920485669374466,0.9204856157302856,"metal,metal,metal,metal,metal,metal,metal,metal,metal,metal,metal,metal,metal,metal,metal,metal,metal,metal,metal,metal"
cnn,metal__metal.00012,metal,20,20,1.0,metal,1,metal,1,0.9505574405193329,0.9505575299263,"metal,metal,metal,metal,metal,metal,metal,metal,metal,metal,metal,metal,metal,metal,metal,metal,metal,metal,metal,metal"
cnn,metal__metal.00022,metal,20,18,0.9,metal,1,metal,1,0.7017358329147101,0.7565638422966003,"metal,metal,metal,metal,metal,metal,metal,metal,metal,metal,rock,rock,metal,metal,metal,metal,metal,metal,metal,metal"
cnn,metal__metal.00024,metal,20,20,1.0,metal,1,metal,1,0.8892295092344285,0.8892294764518738,"metal,metal,metal,metal,metal,metal,metal,metal,metal,metal,metal,metal,metal,metal,metal,metal,metal,metal,metal,metal"
cnn,metal__metal.00030,metal,20,8,0.4,rock,0,metal,1,0.3514082200825214,0.5541847944259644,"rock,rock,rock,rock,rock,rock,rock,rock,rock,metal,pop,metal,metal,metal,metal,metal,metal,metal,pop,pop"
cnn,metal__metal.00049,metal,20,20,1.0,metal,1,metal,1,0.9253461450338364,0.9253461956977844,"metal,metal,metal,metal,metal,metal,metal,metal,metal,metal,metal,metal,metal,metal,metal,metal,metal,metal,metal,metal"
cnn,metal__metal.00051,metal,20,20,1.0,metal,1,metal,1,0.9331337422132492,0.9331337809562683,"metal,metal,metal,metal,metal,metal,metal,metal,metal,metal,metal,metal,metal,metal,metal,metal,metal,metal,metal,metal"
cnn,metal__metal.00052,metal,20,20,1.0,metal,1,metal,1,0.8264607220888138,0.8264606595039368,"metal,metal,metal,metal,metal,metal,metal,metal,metal,metal,metal,metal,metal,metal,metal,metal,metal,metal,metal,metal"
cnn,metal__metal.00056,metal,20,20,1.0,metal,1,metal,1,0.9140345603227615,0.9140345454216003,"metal,metal,metal,metal,metal,metal,metal,metal,metal,metal,metal,metal,metal,metal,metal,metal,metal,metal,metal,metal"
cnn,metal__metal.00069,metal,20,19,0.95,metal,1,metal,1,0.7821764387190342,0.7994038462638855,"metal,metal,metal,metal,reggae,metal,metal,metal,metal,metal,metal,metal,metal,metal,metal,metal,metal,metal,metal,metal"
cnn,metal__metal.00091,metal,20,0,0.0,rock,0,rock,0,0.8756717354059219,0.8756716847419739,"rock,rock,rock,rock,rock,rock,rock,rock,rock,rock,rock,rock,rock,rock,rock,rock,rock,rock,rock,rock"
cnn,metal__metal.00092,metal,20,18,0.9,metal,1,metal,1,0.7211696848273277,0.7543969750404358,"metal,metal,metal,metal,metal,metal,metal,metal,metal,rock,rock,metal,metal,metal,metal,metal,metal,metal,metal,metal"
cnn,metal__metal.00096,metal,20,14,0.7,metal,1,metal,1,0.6626383079215884,0.8652135133743286,"metal,metal,metal,metal,metal,metal,hiphop,metal,metal,metal,metal,metal,metal,metal,metal,hiphop,hiphop,hiphop,hiphop,hiphop"
cnn,metal__metal.00097,metal,20,14,0.7,metal,1,metal,1,0.7087579815648496,0.8524861335754395,"blues,blues,blues,blues,hiphop,hiphop,metal,metal,metal,metal,metal,metal,metal,metal,metal,metal,metal,metal,metal,metal"
cnn,pop__pop.00003,pop,20,19,0.95,pop,1,pop,1,0.7502966150641441,0.7572304010391235,"pop,pop,pop,pop,pop,pop,pop,pop,pop,pop,pop,pop,hiphop,pop,pop,pop,pop,pop,pop,pop"
cnn,pop__pop.00007,pop,20,11,0.55,pop,1,pop,1,0.43914477988146244,0.6632559895515442,"pop,reggae,jazz,jazz,pop,pop,pop,pop,pop,pop,pop,pop,pop,pop,rock,country,reggae,country,country,country"
cnn,pop__pop.00015,pop,20,20,1.0,pop,1,pop,1,0.9392211019992829,0.9392210841178894,"pop,pop,pop,pop,pop,pop,pop,pop,pop,pop,pop,pop,pop,pop,pop,pop,pop,pop,pop,pop"
cnn,pop__pop.00021,pop,20,20,1.0,pop,1,pop,1,0.9210701197385788,0.9210700988769531,"pop,pop,pop,pop,pop,pop,pop,pop,pop,pop,pop,pop,pop,pop,pop,pop,pop,pop,pop,pop"
cnn,pop__pop.00028,pop,20,20,1.0,pop,1,pop,1,0.8714140266180038,0.871414065361023,"pop,pop,pop,pop,pop,pop,pop,pop,pop,pop,pop,pop,pop,pop,pop,pop,pop,pop,pop,pop"
cnn,pop__pop.00029,pop,20,20,1.0,pop,1,pop,1,0.8740841418504715,0.8740841150283813,"pop,pop,pop,pop,pop,pop,pop,pop,pop,pop,pop,pop,pop,pop,pop,pop,pop,pop,pop,pop"
cnn,pop__pop.00033,pop,20,17,0.85,pop,1,pop,1,0.6036635875701905,0.6371322870254517,"pop,pop,pop,pop,pop,pop,pop,pop,hiphop,rock,pop,pop,pop,pop,hiphop,pop,pop,pop,pop,pop"
cnn,pop__pop.00034,pop,20,20,1.0,pop,1,pop,1,0.9061080604791641,0.9061080813407898,"pop,pop,pop,pop,pop,pop,pop,pop,pop,pop,pop,pop,pop,pop,pop,pop,pop,pop,pop,pop"
cnn,pop__pop.00035,pop,20,20,1.0,pop,1,pop,1,0.9372285902500153,0.9372285604476929,"pop,pop,pop,pop,pop,pop,pop,pop,pop,pop,pop,pop,pop,pop,pop,pop,pop,pop,pop,pop"
cnn,pop__pop.00038,pop,20,14,0.7,pop,1,pop,1,0.6365140372887254,0.7385631203651428,"hiphop,hiphop,hiphop,hiphop,hiphop,hiphop,pop,pop,pop,pop,pop,pop,pop,pop,pop,pop,pop,pop,pop,pop"
cnn,pop__pop.00039,pop,20,20,1.0,pop,1,pop,1,0.9088146299123764,0.9088146090507507,"pop,pop,pop,pop,pop,pop,pop,pop,pop,pop,pop,pop,pop,pop,pop,pop,pop,pop,pop,pop"
cnn,pop__pop.00045,pop,20,16,0.8,pop,1,pop,1,0.7021184441167861,0.8308050036430359,"hiphop,hiphop,hiphop,pop,pop,pop,hiphop,pop,pop,pop,pop,pop,pop,pop,pop,pop,pop,pop,pop,pop"
cnn,pop__pop.00049,pop,20,19,0.95,pop,1,pop,1,0.8472365736961365,0.8745740056037903,"pop,pop,pop,pop,pop,pop,pop,pop,pop,rock,pop,pop,pop,pop,pop,pop,pop,pop,pop,pop"
cnn,pop__pop.00079,pop,20,0,0.0,blues,0,blues,0,0.38926053564064206,0.6903064846992493,"jazz,jazz,jazz,jazz,jazz,jazz,jazz,jazz,rock,blues,blues,blues,blues,blues,blues,blues,blues,jazz,blues,blues"
cnn,pop__pop.00081,pop,20,10,0.5,pop,1,pop,1,0.47281503872945907,0.6311581134796143,"pop,pop,pop,rock,rock,pop,rock,country,pop,pop,pop,country,country,country,rock,rock,country,pop,pop,pop"
cnn,reggae__reggae.00029,reggae,20,20,1.0,reggae,1,reggae,1,0.9161745220422745,0.916174590587616,"reggae,reggae,reggae,reggae,reggae,reggae,reggae,reggae,reggae,reggae,reggae,reggae,reggae,reggae,reggae,reggae,reggae,reggae,reggae,reggae"
cnn,reggae__reggae.00031,reggae,20,20,1.0,reggae,1,reggae,1,0.9409835398197174,0.9409834742546082,"reggae,reggae,reggae,reggae,reggae,reggae,reggae,reggae,reggae,reggae,reggae,reggae,reggae,reggae,reggae,reggae,reggae,reggae,reggae,reggae"
cnn,reggae__reggae.00034,reggae,20,20,1.0,reggae,1,reggae,1,0.8748055100440979,0.8748055696487427,"reggae,reggae,reggae,reggae,reggae,reggae,reggae,reggae,reggae,reggae,reggae,reggae,reggae,reggae,reggae,reggae,reggae,reggae,reggae,reggae"
cnn,reggae__reggae.00035,reggae,20,20,1.0,reggae,1,reggae,1,0.9156539082527161,0.9156538844108582,"reggae,reggae,reggae,reggae,reggae,reggae,reggae,reggae,reggae,reggae,reggae,reggae,reggae,reggae,reggae,reggae,reggae,reggae,reggae,reggae"
cnn,reggae__reggae.00040,reggae,20,1,0.05,rock,0,rock,0,0.587718347646296,0.6511472463607788,"rock,rock,rock,rock,rock,rock,rock,rock,jazz,rock,rock,rock,rock,rock,jazz,reggae,blues,blues,rock,rock"
cnn,reggae__reggae.00047,reggae,20,20,1.0,reggae,1,reggae,1,0.8805627942085266,0.8805627822875977,"reggae,reggae,reggae,reggae,reggae,reggae,reggae,reggae,reggae,reggae,reggae,reggae,reggae,reggae,reggae,reggae,reggae,reggae,reggae,reggae"
cnn,reggae__reggae.00049,reggae,20,2,0.1,rock,0,rock,0,0.31431516222655775,0.42971864342689514,"pop,reggae,rock,pop,jazz,rock,pop,pop,reggae,jazz,blues,rock,rock,rock,blues,jazz,rock,rock,rock,rock"
cnn,reggae__reggae.00062,reggae,19,18,0.9473684210526315,reggae,1,reggae,1,0.696855123105802,0.7027096152305603,"reggae,reggae,reggae,reggae,jazz,reggae,reggae,reggae,reggae,reggae,reggae,reggae,reggae,reggae,reggae,reggae,reggae,reggae,reggae"
cnn,reggae__reggae.00064,reggae,20,17,0.85,reggae,1,reggae,1,0.7348541833460331,0.8121406435966492,"pop,reggae,reggae,reggae,reggae,reggae,reggae,reggae,reggae,reggae,reggae,reggae,reggae,reggae,reggae,reggae,reggae,reggae,pop,pop"
cnn,reggae__reggae.00065,reggae,20,20,1.0,reggae,1,reggae,1,0.9139079689979553,0.9139080047607422,"reggae,reggae,reggae,reggae,reggae,reggae,reggae,reggae,reggae,reggae,reggae,reggae,reggae,reggae,reggae,reggae,reggae,reggae,reggae,reggae"
cnn,reggae__reggae.00071,reggae,20,20,1.0,reggae,1,reggae,1,0.9222802132368088,0.9222801923751831,"reggae,reggae,reggae,reggae,reggae,reggae,reggae,reggae,reggae,reggae,reggae,reggae,reggae,reggae,reggae,reggae,reggae,reggae,reggae,reggae"
cnn,reggae__reggae.00076,reggae,20,4,0.2,hiphop,0,hiphop,0,0.46657427828758957,0.6029922962188721,"hiphop,pop,hiphop,hiphop,hiphop,hiphop,pop,hiphop,hiphop,reggae,reggae,hiphop,hiphop,pop,pop,hiphop,hiphop,hiphop,reggae,reggae"
cnn,reggae__reggae.00090,reggae,19,19,1.0,reggae,1,reggae,1,0.9434028738423398,0.9434028267860413,"reggae,reggae,reggae,reggae,reggae,reggae,reggae,reggae,reggae,reggae,reggae,reggae,reggae,reggae,reggae,reggae,reggae,reggae,reggae"
cnn,reggae__reggae.00091,reggae,20,20,1.0,reggae,1,reggae,1,0.8914940327405929,0.8914939761161804,"reggae,reggae,reggae,reggae,reggae,reggae,reggae,reggae,reggae,reggae,reggae,reggae,reggae,reggae,reggae,reggae,reggae,reggae,reggae,reggae"
cnn,reggae__reggae.00092,reggae,20,20,1.0,reggae,1,reggae,1,0.9245142579078675,0.9245142936706543,"reggae,reggae,reggae,reggae,reggae,reggae,reggae,reggae,reggae,reggae,reggae,reggae,reggae,reggae,reggae,reggae,reggae,reggae,reggae,reggae"
cnn,rock__rock.00000,rock,20,10,0.5,rock,1,rock,1,0.43327193446457385,0.7461527585983276,"rock,metal,metal,metal,metal,metal,metal,blues,rock,rock,rock,rock,rock,country,country,jazz,rock,rock,rock,rock"
cnn,rock__rock.00003,rock,20,4,0.2,blues,0,blues,0,0.4239301307592541,0.7224814295768738,"blues,rock,rock,blues,blues,rock,rock,jazz,jazz,jazz,jazz,jazz,jazz,blues,blues,blues,blues,blues,blues,blues"
cnn,rock__rock.00008,rock,20,6,0.3,metal,0,metal,0,0.5575237058103084,0.6382635831832886,"metal,metal,metal,metal,metal,metal,metal,metal,metal,rock,rock,rock,rock,rock,rock,metal,metal,metal,metal,metal"
cnn,rock__rock.00032,rock,20,8,0.4,hiphop,0,hiphop,0,0.31411458011716603,0.46640005707740784,"hiphop,hiphop,rock,pop,rock,pop,hiphop,rock,hiphop,hiphop,classical,jazz,rock,rock,rock,rock,hiphop,hiphop,rock,hiphop"
cnn,rock__rock.00034,rock,20,6,0.3,country,0,country,0,0.3219897160306573,0.5119507312774658,"rock,rock,country,pop,country,country,country,country,hiphop,hiphop,rock,rock,country,country,country,country,country,disco,rock,rock"
cnn,rock__rock.00039,rock,20,10,0.5,rock,1,rock,1,0.40745549332350495,0.67703777551651,"jazz,rock,rock,rock,rock,rock,rock,rock,rock,rock,rock,pop,pop,pop,pop,pop,pop,pop,pop,pop"
cnn,rock__rock.00044,rock,20,2,0.1,pop,0,pop,0,0.5023018017411232,0.5575990080833435,"pop,rock,rock,pop,pop,pop,pop,pop,pop,pop,pop,pop,pop,jazz,pop,jazz,jazz,pop,pop,pop"
cnn,rock__rock.00048,rock,20,18,0.9,rock,1,rock,1,0.6643158212304116,0.693623423576355,"rock,rock,rock,rock,rock,rock,rock,rock,rock,classical,rock,rock,rock,metal,rock,rock,rock,rock,rock,rock"
cnn,rock__rock.00049,rock,20,0,0.0,country,0,country,0,0.43532263934612275,0.8020318746566772,"jazz,country,country,country,country,country,country,country,country,country,country,pop,pop,pop,pop,pop,pop,pop,pop,pop"
cnn,rock__rock.00050,rock,20,8,0.4,pop,0,pop,0,0.5058849517256021,0.6667717695236206,"pop,pop,pop,pop,pop,pop,pop,rock,rock,rock,rock,pop,pop,pop,rock,rock,rock,rock,pop,pop"
cnn,rock__rock.00054,rock,20,10,0.5,rock,1,rock,1,0.39427605662494897,0.5926167368888855,"rock,classical,pop,pop,rock,rock,rock,rock,rock,rock,country,pop,pop,classical,rock,rock,country,rock,classical,classical"
cnn,rock__rock.00080,rock,20,20,1.0,rock,1,rock,1,0.9112199276685715,0.9112199544906616,"rock,rock,rock,rock,rock,rock,rock,rock,rock,rock,rock,rock,rock,rock,rock,rock,rock,rock,rock,rock"
cnn,rock__rock.00085,rock,20,17,0.85,rock,1,rock,1,0.7202660975977778,0.766697883605957,"rock,metal,jazz,blues,rock,rock,rock,rock,rock,rock,rock,rock,rock,rock,rock,rock,rock,rock,rock,rock"
cnn,rock__rock.00086,rock,20,11,0.55,rock,1,rock,1,0.48425498344004153,0.7493525743484497,"metal,metal,rock,metal,metal,metal,metal,metal,metal,metal,rock,rock,rock,rock,rock,rock,rock,rock,rock,rock"
cnn,rock__rock.00092,rock,20,4,0.2,metal,0,metal,0,0.6058486849069595,0.6380046010017395,"metal,rock,metal,metal,metal,rock,metal,metal,metal,rock,rock,metal,metal,metal,metal,metal,metal,metal,metal,metal"
