model,mode,epoch,lr,train_loss,train_acc,val_segment_acc,val_segment_macro_f1,val_song_acc,val_song_macro_f1,temperature,seconds
cnn,full_dn,1,0.0007994518139018296,1.830784222892,0.5922211875940119,0.6712283044058746,0.6673491429553161,0.7,0.6900644635547916,0.95,38.55
cnn,full_dn,2,0.0007978087581473094,1.4083417544229333,0.745075567652747,0.6535380507343124,0.6433518697142124,0.7133333333333334,0.7003090976783878,1.1,28.83
cnn,full_dn,3,0.0007950753362380552,1.240990268134702,0.8021631688274479,0.6308411214953271,0.5932389730376361,0.68,0.6336618779359064,1.2000000000000002,42.49
cnn,full_dn,4,0.0007912590402935224,1.127671941313256,0.8434209583840699,0.681909212283044,0.6743116134131132,0.7533333333333333,0.7487842997404652,1.2000000000000002,45.21
cnn,full_dn,5,0.0007863703305156274,1.0388576346732734,0.8754387221545734,0.6862483311081442,0.6853789720652005,0.7466666666666667,0.7421705014368258,1.2000000000000002,44.91
cnn,full_dn,6,0.0007804226065180616,0.9861103260844154,0.8932741207649881,0.6789052069425902,0.6808641431549878,0.74,0.7371664346717518,1.2000000000000002,44.89
cnn,full_dn,7,0.0007734321705988808,0.9297440416294938,0.9134016187952152,0.7026034712950601,0.7056515430599964,0.7666666666666667,0.7698060901780066,1.2000000000000002,44.7
cnn,full_dn,8,0.0007654181830570405,0.8770156266328795,0.9285151493446028,0.6972630173564753,0.6819993008193391,0.7533333333333333,0.7390120546007971,1.15,44.78
cnn,full_dn,9,0.0007564026096753473,0.8482940264190817,0.9383998280925435,0.5884512683578104,0.5671130710502996,0.6133333333333333,0.5841919191919193,1.5,45.21
cnn,full_dn,10,0.0007464101615137757,0.8042067018503719,0.9514361435427262,0.7263017356475301,0.709554519334678,0.8,0.786309896999552,1.2000000000000002,45.03
cnn,full_dn,11,0.0007354682271781698,0.7902897309286958,0.9551608050999212,0.7690253671562083,0.7640004735391004,0.8333333333333334,0.8339930633439762,1.15,46.02
cnn,full_dn,12,0.0007236067977499792,0.7794136467622776,0.9587422104433779,0.7299732977303071,0.7203883096704533,0.7733333333333333,0.7698902139670392,1.25,46.23
cnn,full_dn,13,0.0007108583845827886,0.7602810172568112,0.9632547811761335,0.784712950600801,0.7845287788772471,0.84,0.8431012624096443,1.15,45.89
cnn,full_dn,14,0.0006972579301909579,0.7427956936275897,0.9689850297256644,0.7313084112149533,0.7287264641440975,0.7933333333333333,0.7940612585412363,1.3,44.86
cnn,full_dn,15,0.0006828427124746193,0.7316005622859876,0.9717068977866915,0.7416555407209613,0.729335808633943,0.8,0.7944616479472355,1.25,44.55
cnn,full_dn,16,0.0006676522425435434,0.7102820597630108,0.9800873862903804,0.790720961281709,0.7830580095114329,0.8333333333333334,0.8256869654735507,1.2000000000000002,44.78
cnn,full_dn,17,0.0006517281564199351,0.7079568918263124,0.9786548241529976,0.7483311081441922,0.7402267907588362,0.7866666666666666,0.7724634047167255,1.3,44.56
cnn,full_dn,18,0.0006351141009169894,0.7027316498308979,0.9792278490079507,0.763351134846462,0.7600679579276652,0.8,0.789131089217296,1.2000000000000002,44.46
cnn,full_dn,19,0.000617855614006011,0.7004960424091778,0.9792278490079507,0.725634178905207,0.7258899692842428,0.78,0.7758648787566883,1.25,44.55
cnn,full_dn,20,0.0006000000000000002,0.6902369518487008,0.982522741923931,0.8117489986648865,0.8132889380230507,0.8866666666666667,0.8891714961846807,1.1,44.39
cnn,full_dn,21,0.0005815961998958188,0.690697048631919,0.9829525105651458,0.7540053404539386,0.7533128875195969,0.82,0.8187425443877057,1.2000000000000002,44.95
cnn,full_dn,22,0.0005626946572303203,0.6829633705510629,0.9836687916338371,0.8354472630173565,0.8374103047735504,0.9133333333333333,0.9140969463424969,1.1,44.74
cnn,full_dn,23,0.0005433471798181204,0.6714258459439021,0.9879664780459853,0.7550066755674232,0.748796488709014,0.8066666666666666,0.8017771855589461,1.15,44.75
cnn,full_dn,24,0.0005236067977499792,0.671516682624168,0.9855311224124347,0.7900534045393859,0.7778613743910311,0.8333333333333334,0.8093128603707351,1.2000000000000002,44.73
cnn,full_dn,25,0.0005035276180410085,0.6673825426435037,0.9869636845498173,0.7883845126835781,0.7823458987958116,0.8466666666666667,0.8446131346213136,1.15,44.75
cnn,full_dn,26,0.00048316467632710387,0.6637092062313691,0.9898288088245828,0.7750333778371161,0.7659192264244549,0.8066666666666666,0.7970273877684286,1.2000000000000002,45.51
cnn,full_dn,27,0.0004625737860160926,0.6588100276262489,0.9894706682902371,0.6809078771695594,0.6671551954887286,0.7,0.6845396209458297,1.4,46.04
cnn,full_dn,28,0.0004418113853070616,0.6566049277709861,0.9901869493589285,0.8037383177570093,0.7989228918420822,0.8733333333333333,0.8698828283066382,1.15,46.33
cnn,full_dn,29,0.0004209343824971777,0.6440273310588088,0.9936967265955161,0.790720961281709,0.7874135644339229,0.84,0.8343801586352105,1.2000000000000002,44.45
cnn,full_dn,30,0.0004000000000000003,0.653604499599191,0.990974858534489,0.8327770360480641,0.8285914107764839,0.9066666666666666,0.9016916662113015,1.1,44.93
cnn,full_dn,31,0.00037906561750282274,0.6533033741031947,0.9898288088245828,0.7650200267022697,0.7478482187272603,0.82,0.8025338958077756,1.25,44.57
cnn,full_dn,32,0.00035818861469293886,0.6476584826881262,0.9925506768856099,0.8457943925233645,0.8450757341908524,0.9066666666666666,0.9080663773975788,1.1,44.9
cnn,full_dn,33,0.00033742621398390784,0.6378150792793373,0.9946995200916839,0.767022696929239,0.7475482038899781,0.8066666666666666,0.7806288972750073,1.25,44.71
cnn,full_dn,34,0.00031683532367289644,0.6390231997319018,0.9928371893130865,0.8264352469959947,0.822435202373228,0.88,0.8778583502366464,1.1,44.89
cnn,full_dn,35,0.00029647238195899193,0.6360163208441171,0.9949860325191605,0.8477970627503337,0.8465830683400559,0.8933333333333333,0.8928919296464934,1.1,44.84
cnn,full_dn,36,0.00027639320225002125,0.6382747103086763,0.9941264952367309,0.835781041388518,0.8312897444055547,0.8866666666666667,0.883488571179306,1.1,44.56
cnn,full_dn,37,0.00025665282018188005,0.6286374462785647,0.9962037103359358,0.821762349799733,0.8170241786974171,0.8866666666666667,0.8838507922851575,1.15,44.66
cnn,no_dn,1,0.0007994518139018296,1.3815720209581157,0.5841272115177996,0.47162883845126835,0.41159312430769235,0.49333333333333335,0.4301231705849724,1.5,45.86
cnn,no_dn,2,0.0007978087581473094,1.0332737716218905,0.7478690638206432,0.660547396528705,0.6504491948551878,0.7333333333333333,0.723086670950239,1.15,45.73
cnn,no_dn,3,0.0007950753362380552,0.9087136422108036,0.7997278131938973,0.7059412550066756,0.7070727651488913,0.7466666666666667,0.7466138671189813,1.05,45.42
cnn,no_dn,4,0.0007912590402935224,0.8217819100139766,0.8413437432848649,0.6802403204272364,0.6735315943220831,0.74,0.7324216353821617,1.15,45.2
cnn,no_dn,5,0.0007863703305156274,0.7464220055185717,0.8737912756965833,0.6755674232309746,0.6794993527403287,0.74,0.7502578749340566,1.25,45.55
cnn,no_dn,6,0.0007804226065180616,0.7143474894039236,0.8880452689635413,0.7356475300400535,0.7291651866413235,0.7866666666666666,0.7860463272543171,1.2000000000000002,45.74
cnn,no_dn,7,0.0007734321705988808,0.6741214143231711,0.9067402048563856,0.7316421895861148,0.7165094434285119,0.76,0.7488912582421711,1.25,45.55
cnn,no_dn,8,0.0007654181830570405,0.6290224422212061,0.9247904877874078,0.6912550066755674,0.6608520334377823,0.7133333333333334,0.6805793723570612,1.3,45.43
cnn,no_dn,9,0.0007564026096753473,0.6087411175091128,0.9346751665353484,0.6965954606141522,0.6794589531161213,0.72,0.68936902657396,1.3,45.43
cnn,no_dn,10,0.0007464101615137757,0.5791642566386765,0.9456342668863262,0.6872496662216289,0.7059921682109968,0.7333333333333333,0.7535191511571356,1.25,45.69
cnn,no_dn,11,0.0007354682271781698,0.5687356526330278,0.9507198624740348,0.6889185580774366,0.682619500460959,0.7333333333333333,0.7245089938818371,1.3,45.59
cnn,no_dn,12,0.0007236067977499792,0.557568639296958,0.954516152138099,0.6178237650200267,0.6072634211358124,0.6733333333333333,0.660275661603061,1.4,45.65
cnn,no_dn,13,0.0007108583845827886,0.5460314156631542,0.9617505909318816,0.75,0.7398813053186813,0.7733333333333333,0.7589966516721736,1.3,45.62
cnn,no_dn,14,0.0006972579301909579,0.5264041532324939,0.9679106081226273,0.7266355140186916,0.7199387395537906,0.76,0.7534289584289584,1.3,45.35
cnn,no_dn,15,0.0006828427124746193,0.5243694732390863,0.9694864264737483,0.7486648865153538,0.7354802843495936,0.82,0.8130416808677678,1.25,45.25
cnn,no_dn,16,0.0006676522425435434,0.5140025950581354,0.972494806962252,0.742656875834446,0.7285231617109298,0.7733333333333333,0.7565056916344102,1.3,45.55
cnn,no_dn,17,0.0006517281564199351,0.5075890876384274,0.9764343528400544,0.7179572763684913,0.7185170281246411,0.74,0.7435950440926418,1.3,45.38
cnn,no_dn,18,0.0006351141009169894,0.50471278544347,0.9761478404125778,0.7493324432576769,0.7306796032929316,0.8066666666666666,0.7913730171248586,1.3,45.47
cnn,no_dn,19,0.000617855614006011,0.5064154640453847,0.9753599312370174,0.7216288384512684,0.720006911349166,0.7666666666666667,0.7649237890256197,1.3,45.44
cnn,no_dn,20,0.0006000000000000002,0.495482549243154,0.9783683117255211,0.7590120160213618,0.7507725155211419,0.7933333333333333,0.7868797489670355,1.25,45.37
cnn,no_dn,21,0.0005815961998958188,0.4909308406516155,0.9812334360002866,0.7716955941255007,0.7674100128299365,0.8066666666666666,0.8029400850273716,1.2000000000000002,45.71
cnn,no_dn,22,0.0005626946572303203,0.4883715123392844,0.9818064608552396,0.7970627503337784,0.7906272615326178,0.86,0.8558163641632202,1.25,45.54
cnn,no_dn,23,0.0005433471798181204,0.48721536619983785,0.983095766778884,0.7006008010680908,0.6867256842097136,0.74,0.733375478110198,1.35,45.51
cnn,no_dn,24,0.0005236067977499792,0.4767683933093908,0.98674880022921,0.8247663551401869,0.8232765898657947,0.9066666666666666,0.9057090677418819,1.15,45.17
cnn,no_dn,25,0.0005035276180410085,0.47870424192380906,0.9861041472673877,0.7353137516688919,0.7268185184789897,0.78,0.7779015495187769,1.3,45.77
cnn,no_dn,26,0.00048316467632710387,0.471133837976289,0.9891841558627605,0.763351134846462,0.7675284326661502,0.8133333333333334,0.8180256993131806,1.25,45.59
cnn,no_dn,27,0.0004625737860160926,0.4761490847582667,0.9864622878017334,0.7369826435246996,0.7273831966357299,0.8133333333333334,0.8065119126944463,1.3,45.81
cnn,no_dn,28,0.0004418113853070616,0.4700682096465612,0.9882529904734618,0.8157543391188251,0.8146645106058532,0.8933333333333333,0.8935210333099329,1.15,45.8
cnn,no_dn,29,0.0004209343824971777,0.4666300251963623,0.9901153212520593,0.8080774365821095,0.8108763621069798,0.88,0.8828574658872211,1.2000000000000002,45.66
cnn,no_dn,30,0.0004000000000000003,0.4616318723890896,0.9921209082443951,0.7900534045393859,0.7741212999654886,0.8533333333333334,0.8254182981769189,1.25,45.61
cnn,no_dn,31,0.00037906561750282274,0.464233903311597,0.9904734617864049,0.7516688918558078,0.7254171044755401,0.7733333333333333,0.7424422872597315,1.3,45.42
cnn,no_dn,32,0.00035818861469293886,0.4623309626004457,0.9908316023207506,0.7736982643524699,0.7713170283127277,0.8466666666666667,0.8471371348957556,1.25,45.55
cnn,no_dn,33,0.00033742621398390784,0.4576193144290531,0.9927655612062173,0.8107476635514018,0.8045751671776511,0.84,0.8335395615509931,1.2000000000000002,45.59
cnn,no_dn,34,0.00031683532367289644,0.4563621702235029,0.9929088174199556,0.8114152202937249,0.8075207419325438,0.8466666666666667,0.8433308570157994,1.2000000000000002,45.88
cnn,no_dn,35,0.00029647238195899193,0.45752601943823135,0.9927655612062173,0.8097463284379173,0.8048276634068421,0.88,0.8772616814616094,1.2000000000000002,45.8
cnn,no_dn,36,0.00027639320225002125,0.45552910426209303,0.9931953298474321,0.798064085447263,0.7982855504239575,0.8466666666666667,0.848268313999682,1.2000000000000002,45.62
cnn,no_dn,37,0.00025665282018188005,0.4535572421507203,0.9941264952367309,0.8220961281708945,0.8179261826030858,0.9,0.8980963933447084,1.15,45.57
cnn,no_dn,38,0.00023730534276968006,0.45461775396539816,0.9923357925650025,0.8080774365821095,0.8075353214211527,0.86,0.8572952631350852,1.25,45.47
cnn,no_dn,39,0.0002184038001041814,0.4501582484332908,0.995773941694721,0.8234312416555407,0.8209206551681376,0.8866666666666667,0.8855276885048691,1.2000000000000002,45.7
resnet,full_dn,1,0.0007994518139018296,2.087044118596783,0.47589714203853595,0.513351134846462,0.45802929611096266,0.52,0.44329902117065123,1.15,62.51
resnet,full_dn,2,0.0007978087581473094,1.6439685237056743,0.6475180860969845,0.47696929238985314,0.43695824364448227,0.5066666666666667,0.46537447146690847,1.35,58.89
resnet,full_dn,3,0.0007950753362380552,1.4525072082101202,0.718143399469952,0.5310413885180241,0.496396325852123,0.5733333333333334,0.5293810460745945,1.3,59.06
resnet,full_dn,4,0.0007912590402935224,1.348789421951572,0.7578969987823222,0.6635514018691588,0.6596269387833417,0.74,0.7330419161397422,1.1,59.14
resnet,full_dn,5,0.0007863703305156274,1.258711881772827,0.7909891841558627,0.667890520694259,0.6566831810101779,0.7133333333333334,0.7020256997904056,1.15,59.2
resnet,full_dn,6,0.0007804226065180616,1.1926194734785467,0.8119045913616503,0.6728971962616822,0.6676490366056871,0.72,0.7139751147582217,1.1,58.88
resnet,full_dn,7,0.0007734321705988808,1.118346423271452,0.8409856027505193,0.582109479305741,0.5624489378639344,0.62,0.5893628200939521,1.4,59.05
resnet,full_dn,8,0.0007654181830570405,1.0577256287308086,0.8605400759257933,0.6418558077436582,0.6331215503574096,0.72,0.712030757685013,1.3,59.29
resnet,full_dn,9,0.0007564026096753473,1.0124629579943953,0.8806675739560204,0.7202937249666221,0.7155975588064665,0.7866666666666666,0.7857242481491648,1.2000000000000002,59.46
resnet,full_dn,10,0.0007464101615137757,0.9507749407862313,0.8986462287801733,0.6925901201602136,0.6783204513508203,0.76,0.7461579501183963,1.25,59.74
resnet,full_dn,11,0.0007354682271781698,0.9276501490217457,0.9082443951006375,0.6211615487316422,0.6047244188098478,0.6533333333333333,0.6378565548769285,1.4,59.75
resnet,full_dn,12,0.0007236067977499792,0.8942897558707527,0.921710479192035,0.7810413885180241,0.7779429374125961,0.8466666666666667,0.8461410974646268,1.1,59.66
resnet,full_dn,13,0.0007108583845827886,0.8587141147307771,0.9306639925506769,0.7373164218958611,0.732934427907877,0.8066666666666666,0.8050711578257218,1.25,59.64
resnet,full_dn,14,0.0006972579301909579,0.825692019227941,0.9429123988252991,0.7590120160213618,0.7612482021506157,0.82,0.8243816599851084,1.2000000000000002,59.82
resnet,full_dn,15,0.0006828427124746193,0.8153440673511304,0.9464938041687558,0.7406542056074766,0.7376621065018905,0.7933333333333333,0.790072582646112,1.3,60.17
resnet,full_dn,16,0.0006676522425435434,0.7889555441719286,0.9544445240312298,0.7600133511348465,0.7569776560150565,0.8133333333333334,0.8155840324550001,1.2000000000000002,60.08
resnet,full_dn,17,0.0006517281564199351,0.7812202139865976,0.9530835900007163,0.7436582109479306,0.7319489839047779,0.8,0.7873419260919261,1.25,60.11
resnet,full_dn,18,0.0006351141009169894,0.749341583894066,0.9674808394814125,0.7413217623497997,0.7440739118354079,0.78,0.7809387251545206,1.2000000000000002,60.1
resnet,full_dn,19,0.000617855614006011,0.7369024662633021,0.9702743356493088,0.7299732977303071,0.7234602553381487,0.7733333333333333,0.7701307112119126,1.25,60.05
resnet,full_dn,20,0.0006000000000000002,0.7432978837864591,0.9669078146264595,0.7750333778371161,0.7712744976165415,0.8266666666666667,0.8243003308951584,1.25,60.43
resnet,full_dn,21,0.0005815961998958188,0.7262668418137992,0.971921782107299,0.7903871829105474,0.7852409780931884,0.8533333333333334,0.8503116918393909,1.15,60.64
resnet,full_dn,22,0.0005626946572303203,0.7108568219390216,0.9759329560919705,0.7643524699599465,0.7644920710198579,0.8466666666666667,0.8463276497514036,1.2000000000000002,60.74
resnet,full_dn,23,0.0005433471798181204,0.7096937247627693,0.9755031874507557,0.7556742323097463,0.7543888203947756,0.8066666666666666,0.8007469654528478,1.25,60.67
resnet,full_dn,24,0.0005236067977499792,0.6923594917910171,0.9823078576033235,0.7666889185580774,0.7698816709884474,0.8266666666666667,0.829458269912631,1.25,60.74
resnet,full_dn,25,0.0005035276180410085,0.6953641425768307,0.9792994771148199,0.760347129506008,0.7576493803104922,0.84,0.8396079689683693,1.2000000000000002,60.61
resnet,full_dn,26,0.00048316467632710387,0.6863326105549926,0.9823078576033235,0.7993991989319092,0.7897714223183636,0.86,0.8501985043027378,1.2000000000000002,60.81
resnet,full_dn,27,0.0004625737860160926,0.6714874458094396,0.9858176348399111,0.7783711615487316,0.7730572391376385,0.8333333333333334,0.832625726563926,1.2000000000000002,60.85
resnet,full_dn,28,0.0004418113853070616,0.6744944393681759,0.985172981878089,0.8027369826435247,0.8029739085859668,0.8666666666666667,0.867611100692302,1.15,61.17
resnet,full_dn,29,0.0004209343824971777,0.6672648512892733,0.9863190315879952,0.8281041388518025,0.8228980174722812,0.8866666666666667,0.8842396836570918,1.1,60.83
resnet,full_dn,30,0.0004000000000000003,0.6661733031383892,0.9859608910536495,0.804739652870494,0.8054266243088108,0.8866666666666667,0.8886529565478398,1.15,60.65
resnet,full_dn,31,0.00037906561750282274,0.6551288892218483,0.9905450898932742,0.8411214953271028,0.8373403373387994,0.9066666666666666,0.9056516421919157,1.1,60.51
resnet,full_dn,32,0.00035818861469293886,0.6644805307101745,0.9868204283360791,0.7853805073431241,0.784233208232679,0.84,0.8381444437825925,1.2000000000000002,60.86
resnet,full_dn,33,0.00033742621398390784,0.651102949389328,0.9910464866413581,0.8324432576769025,0.8300673803093879,0.8933333333333333,0.8921607903281986,1.1,61.18
resnet,full_dn,34,0.00031683532367289644,0.6506842399350501,0.9900436931451901,0.8187583444592791,0.813108761907214,0.8866666666666667,0.8844775686864119,1.15,61.09
resnet,full_dn,35,0.00029647238195899193,0.6463849956305677,0.9911181147482272,0.8200934579439252,0.8159046935275921,0.8866666666666667,0.8863458884357105,1.15,60.87
resnet,full_dn,36,0.00027639320225002125,0.6428241890008398,0.9916911396031803,0.8197596795727636,0.8162565520703524,0.9066666666666666,0.9055907885218228,1.15,60.62
resnet,full_dn,37,0.00025665282018188005,0.6402696700502916,0.993123701740563,0.8114152202937249,0.8095158708616589,0.88,0.8802022049086599,1.15,60.6
resnet,full_dn,38,0.00023730534276968006,0.6346535548193135,0.9938399828092543,0.8227636849132176,0.8230425747102721,0.88,0.8819276760503124,1.15,61.3
resnet,full_dn,39,0.0002184038001041814,0.6356582343898541,0.9933385860611704,0.8414552736982643,0.840310573405388,0.8933333333333333,0.8940330847004928,1.1,62.8
resnet,full_dn,40,0.0002000000000000002,0.6394615536748437,0.992622304992479,0.8287716955941254,0.8284933829743346,0.9133333333333333,0.9140369048822885,1.1,63.18
resnet,full_dn,41,0.0001821443859939894,0.62966262787446,0.9949860325191605,0.8220961281708945,0.8219130483444015,0.9133333333333333,0.9138992960753252,1.1,63.01
resnet,full_dn,42,0.0001648858990830109,0.6338975028000864,0.9932669579543013,0.828437917222964,0.8274468896263952,0.9066666666666666,0.9068958107731582,1.1,63.33
resnet,full_dn,43,0.00014827184358006518,0.6303313420543134,0.9950576606260296,0.8341121495327103,0.833634185625115,0.92,0.919925755248336,1.1,63.24
resnet,full_dn,44,0.00013234775745645693,0.6271803292902994,0.9961320822290667,0.8364485981308412,0.8347771607320373,0.8933333333333333,0.8938973870647953,1.1,63.49
resnet,full_dn,45,0.0001171572875253811,0.6270299238663726,0.9945562638779457,0.8467957276368492,0.8457108679172538,0.9266666666666666,0.9272553940003885,1.1,63.83
resnet,full_dn,46,0.00010274206980904243,0.621759900484221,0.9961320822290667,0.8554739652870494,0.8543734257035818,0.9133333333333333,0.9111240808690753,1.05,64.11
resnet,full_dn,47,8.914161541721172e-05,0.6198367704703724,0.9969916195114963,0.8541388518024032,0.8526787136740979,0.9266666666666666,0.9261366538952747,1.1,63.72
resnet,full_dn,48,7.639320225002113e-05,0.6185475837688256,0.9963469665496741,0.8538050734312417,0.8526139545854997,0.9266666666666666,0.9272114057305938,1.05,63.85
resnet,full_dn,49,6.453177282183048e-05,0.6189047188883857,0.9967767351908889,0.8538050734312417,0.8517577286277026,0.9266666666666666,0.9258294148380355,1.05,64.08
resnet,full_dn,50,5.358983848622456e-05,0.6190877587454904,0.9967767351908889,0.8364485981308412,0.8334895573452753,0.9133333333333333,0.9124844144183444,1.1,64.48
resnet,full_dn,51,4.3597390324652926e-05,0.6191022139754799,0.9972781319389729,0.849799732977303,0.8480262539677629,0.9266666666666666,0.9260025810303898,1.1,64.56
resnet,full_dn,52,3.458181694295964e-05,0.61469686359229,0.9978511567939259,0.849799732977303,0.8479507391519763,0.9133333333333333,0.9135060832752714,1.1,64.41
resnet,full_dn,53,2.6567829401119323e-05,0.6160285230284391,0.9969916195114963,0.8504672897196262,0.8488506426167941,0.9133333333333333,0.9124891835083716,1.1,64.12
resnet,full_dn,54,1.95773934819386e-05,0.6180054261361483,0.9971348757252346,0.8464619492656876,0.8441284022378233,0.9066666666666666,0.9040672370171651,1.1,64.09
resnet,full_dn,55,1.3629669484372683e-05,0.6179592442942865,0.9969916195114963,0.8467957276368492,0.8448409275933063,0.9133333333333333,0.9128740808690754,1.05,64.33
resnet,full_dn,56,8.74095970647773e-06,0.6179192940046841,0.9965618508702815,0.849799732977303,0.8479384746434674,0.9133333333333333,0.9114502840776314,1.05,64.16
resnet,full_dn,57,4.9246637619449396e-06,0.616593233609676,0.9971348757252346,0.855807743658211,0.8540029018454905,0.92,0.9191424093148232,1.05,63.9
resnet,full_dn,58,2.191241852690641e-06,0.6161793480671867,0.9967767351908889,0.8521361815754339,0.8504325256936637,0.9133333333333333,0.9128647231074764,1.05,63.94
resnet,full_dn,59,5.481860981704671e-07,0.616182899263337,0.9972781319389729,0.8551401869158879,0.8538692313520064,0.92,0.9195618860190606,1.05,63.91
resnet,full_dn,60,0.0,0.6143575282913507,0.9970632476183654,0.852803738317757,0.8514595726314178,0.9333333333333333,0.9327382989646618,1.05,64.19
resnet,no_dn,1,0.0007994518139018296,1.6067757708629626,0.4741064393668075,0.4265687583444593,0.3855169653947665,0.44,0.3947298240611196,1.35,64.17
resnet,no_dn,2,0.0007978087581473094,1.2526290907694835,0.6414296970131079,0.5240320427236315,0.5216007879230231,0.5666666666666667,0.5501164087100847,1.25,64.39
resnet,no_dn,3,0.0007950753362380552,1.0875644848891652,0.7174271184012606,0.6098130841121495,0.5761086712379343,0.6533333333333333,0.611000469146124,1.15,64.28
resnet,no_dn,4,0.0007912590402935224,1.001449094786274,0.7601174700952654,0.5934579439252337,0.570334017880218,0.6066666666666667,0.5659426398627667,1.35,63.99
resnet,no_dn,5,0.0007863703305156274,0.9068069290904754,0.8036673590716997,0.7222963951935915,0.7180484090596888,0.8066666666666666,0.804299432673443,1.15,63.88
resnet,no_dn,6,0.0007804226065180616,0.8535322235423151,0.8252990473461786,0.6515353805073432,0.6392436211208035,0.7066666666666667,0.6954474779029025,1.2000000000000002,64.33
resnet,no_dn,7,0.0007734321705988808,0.7997639087438327,0.8517298187808896,0.7409879839786382,0.7339200851225262,0.8,0.7955268660705257,1.2000000000000002,64.17
resnet,no_dn,8,0.0007654181830570405,0.7632677620149395,0.8670582336508846,0.7079439252336449,0.6923784495196577,0.7666666666666667,0.7519007124984355,1.25,63.98
resnet,no_dn,9,0.0007564026096753473,0.7172271132033702,0.8851801446887759,0.654539385847797,0.6233822371462455,0.7,0.6716422275670295,1.4500000000000002,63.75
resnet,no_dn,10,0.0007464101615137757,0.6735824338515947,0.9081727669937684,0.6538718291054739,0.6495724716874485,0.7133333333333334,0.7054095329957399,1.4,63.63
resnet,no_dn,11,0.0007354682271781698,0.6492663753057447,0.9161234868562423,0.7306408544726302,0.7188808692498435,0.7666666666666667,0.7536762793893523,1.25,63.56
resnet,no_dn,12,0.0007236067977499792,0.6273778111210064,0.924933744001146,0.6104806408544726,0.6187774010413211,0.6666666666666666,0.6725173448736352,1.5,64.24
resnet,no_dn,13,0.0007108583845827886,0.6034080666531192,0.9367523816345534,0.6308411214953271,0.6078109578460176,0.6733333333333333,0.6431319912519043,1.55,64.24
resnet,no_dn,14,0.0006972579301909579,0.5923248304694679,0.9421961177566077,0.7610146862483311,0.7622058903587944,0.82,0.8213764031667257,1.2000000000000002,64.03
resnet,no_dn,15,0.0006828427124746193,0.5805026700909778,0.9436286798939904,0.7373164218958611,0.7192295920466683,0.76,0.7422404008460884,1.35,63.95
resnet,no_dn,16,0.0006676522425435434,0.5613959118917058,0.9521524246114175,0.6789052069425902,0.6633759381786872,0.7133333333333334,0.6864466984108398,1.35,63.78
resnet,no_dn,17,0.0006517281564199351,0.5447379971342932,0.9591719790845928,0.8170894526034713,0.8140923895182537,0.88,0.8789271809947561,1.15,63.67
resnet,no_dn,18,0.0006351141009169894,0.5310812963770638,0.966119905450899,0.7566755674232309,0.7528906097616826,0.8133333333333334,0.8127410367517733,1.25,63.86
resnet,no_dn,19,0.000617855614006011,0.5249808769616807,0.9694864264737483,0.804739652870494,0.8032045070135654,0.8666666666666667,0.8677338083128874,1.2000000000000002,66.16
resnet,no_dn,20,0.0006000000000000002,0.5233297660454801,0.9670510708401977,0.7733644859813084,0.7763474038393028,0.8533333333333334,0.854003740460915,1.2000000000000002,65.69
resnet,no_dn,21,0.0005815961998958188,0.509125554278129,0.9756464436644939,0.7606809078771696,0.7619072563903491,0.8066666666666666,0.8060139596302583,1.25,63.75
resnet,no_dn,22,0.0005626946572303203,0.5047089811186336,0.9761478404125778,0.7610146862483311,0.7595326554648715,0.8066666666666666,0.8035652595414865,1.25,63.58
resnet,no_dn,23,0.0005433471798181204,0.5035603064348582,0.9765776090537928,0.7733644859813084,0.7649261679836044,0.8133333333333334,0.8086714053210216,1.2000000000000002,64.04
resnet,no_dn,24,0.0005236067977499792,0.4956833323881795,0.9798725019697729,0.7817089452603472,0.782927631255504,0.8466666666666667,0.8473080039209071,1.25,64.22
resnet,no_dn,25,0.0005035276180410085,0.49482339586862206,0.9783683117255211,0.7546728971962616,0.7558983850750998,0.8066666666666666,0.8056025818184811,1.3,64.14
resnet,no_dn,26,0.00048316467632710387,0.48402322795788816,0.9843134445956593,0.780373831775701,0.7742631315602836,0.8533333333333334,0.847515873109016,1.25,63.87
resnet,no_dn,27,0.0004625737860160926,0.4876403606396488,0.9816632046415014,0.787716955941255,0.7842246671834857,0.8533333333333334,0.8488948784207405,1.2000000000000002,63.99
resnet,no_dn,28,0.0004418113853070616,0.4827639948381632,0.984170188381921,0.7983978638184246,0.7900035142421405,0.86,0.8518713654412029,1.2000000000000002,63.93
resnet,no_dn,29,0.0004209343824971777,0.4773249035983601,0.9856027505193038,0.7880507343124166,0.7849724159016962,0.8466666666666667,0.8454457333545209,1.2000000000000002,64.15
resnet,no_dn,30,0.0004000000000000003,0.4741315004622541,0.9858892629467804,0.7917222963951935,0.7887709248781585,0.8466666666666667,0.8433108125779721,1.2000000000000002,64.37
resnet,no_dn,31,0.00037906561750282274,0.47011691565184355,0.9881097342597235,0.815086782376502,0.8123624557618834,0.8733333333333333,0.8743011916399013,1.2000000000000002,64.28
resnet,no_dn,32,0.00035818861469293886,0.4695157549048416,0.9875367094047705,0.8147530040053405,0.8161036036987076,0.88,0.8807795147936973,1.2000000000000002,64.03
lstm,full_dn,1,0.0007994518139018296,2.060584056753969,0.48671298617577535,0.45660881174899864,0.44189951382360915,0.5066666666666667,0.5019369163762757,1.2000000000000002,26.88
lstm,full_dn,2,0.0007978087581473094,1.6760360627126218,0.6321180431201203,0.6408544726301736,0.6400935251603044,0.7266666666666667,0.7257877551318687,0.95,26.98
lstm,full_dn,3,0.0007950753362380552,1.5044245785529853,0.6932168182794929,0.6855807743658211,0.6813025339069371,0.76,0.7631437963625901,1.0,26.83
lstm,full_dn,4,0.0007912590402935224,1.3887098951211982,0.7364085667215815,0.5744325767690254,0.5713299076666826,0.64,0.6369696482193176,1.15,28.83
lstm,full_dn,5,0.0007863703305156274,1.3128347512294294,0.7633407349043765,0.7189586114819759,0.7129471082713191,0.7866666666666666,0.7729873230257558,1.1,29.15
lstm,full_dn,6,0.0007804226065180616,1.2523818955483952,0.7879808036673591,0.6395193591455274,0.6259888402162501,0.6933333333333334,0.6771161451457205,1.2000000000000002,27.17
lstm,full_dn,7,0.0007734321705988808,1.1971256358431726,0.8116180789341738,0.660547396528705,0.6440669632861045,0.74,0.7203381158623093,1.2000000000000002,27.21
lstm,full_dn,8,0.0007654181830570405,1.153508371092957,0.8251557911324404,0.6799065420560748,0.6664142018363228,0.72,0.6997746557319957,1.25,29.64
lstm,full_dn,9,0.0007564026096753473,1.1075019269282953,0.8410572308573885,0.667890520694259,0.6564267609162264,0.7333333333333333,0.7278134050740434,1.3,27.3
lstm,full_dn,10,0.0007464101615137757,1.0684930721076253,0.8525893560633192,0.7393190921228304,0.7389851074172162,0.8266666666666667,0.8250839560296963,1.2000000000000002,26.96
lstm,full_dn,11,0.0007354682271781698,1.0423266978346168,0.8634768283074278,0.6939252336448598,0.6873674336519391,0.74,0.7349864461913798,1.25,26.85
lstm,full_dn,12,0.0007236067977499792,1.0322687726983641,0.868848936322613,0.7012683578104139,0.689009315625279,0.74,0.7221526114015009,1.25,26.84
lstm,full_dn,13,0.0007108583845827886,0.97914806578513,0.8891913186734475,0.7323097463284379,0.7308303086019869,0.7933333333333333,0.7935981558710113,1.2000000000000002,26.88
lstm,full_dn,14,0.0006972579301909579,0.950477106720967,0.8960676169328845,0.7162883845126836,0.712478630950982,0.7666666666666667,0.7609122164385324,1.25,26.72
lstm,full_dn,15,0.0006828427124746193,0.9328961429158081,0.9022276341236302,0.7219626168224299,0.7090481217805658,0.8133333333333334,0.8069103058548031,1.25,26.9
lstm,full_dn,16,0.0006676522425435434,0.9152463593768848,0.907456485925077,0.7316421895861148,0.7295764372701906,0.7733333333333333,0.7689250339869105,1.3,26.85
lstm,full_dn,17,0.0006517281564199351,0.8880768909075909,0.918057445741709,0.7453271028037384,0.7443546263704939,0.8066666666666666,0.8059024081838322,1.25,27.13
lstm,full_dn,18,0.0006351141009169894,0.8757663534104453,0.9210658262302127,0.6889185580774366,0.6831146297069823,0.74,0.7308347683981558,1.4,27.44
lstm,full_dn,19,0.000617855614006011,0.8641325699874045,0.9245039753599312,0.75,0.7400592406244821,0.7866666666666666,0.7803431404486392,1.3,31.56
lstm,full_dn,20,0.0006000000000000002,0.8286024054025274,0.9362509848864694,0.7536715620827771,0.7463440540824726,0.8,0.7908640232553276,1.3,27.21
lstm,full_dn,21,0.0005815961998958188,0.8381612089197544,0.9324546952224053,0.7543391188251002,0.7569153564437352,0.8133333333333334,0.8142144269647049,1.25,27.16
lstm,full_dn,22,0.0005626946572303203,0.8114028411483314,0.9435570517871212,0.7713618157543392,0.767273895054146,0.8333333333333334,0.8288843853645643,1.25,29.22
lstm,full_dn,23,0.0005433471798181204,0.7940736857742065,0.9486426473748298,0.7920560747663551,0.789685430394656,0.8733333333333333,0.872991956315911,1.2000000000000002,26.99
lstm,full_dn,24,0.0005236067977499792,0.7890126289888265,0.947639853878662,0.770694259012016,0.7658129453906051,0.82,0.8131296257505933,1.25,27.04
lstm,full_dn,25,0.0005035276180410085,0.7762445928621631,0.9522240527182867,0.7606809078771696,0.7529220974778996,0.8066666666666666,0.7968447489771019,1.25,27.07
lstm,full_dn,26,0.00048316467632710387,0.768989184312429,0.9538714991762768,0.7923898531375166,0.791289350827342,0.8533333333333334,0.8529190502674929,1.2000000000000002,27.05
lstm,full_dn,27,0.0004625737860160926,0.7582420518042903,0.9581691855884249,0.7690253671562083,0.765428746923323,0.82,0.8160177271382532,1.3,26.79
lstm,full_dn,28,0.0004418113853070616,0.7573284484682465,0.9588854666571163,0.7797062750333779,0.7780506173374707,0.8266666666666667,0.8244621193201317,1.25,28.97
lstm,full_dn,29,0.0004209343824971777,0.746245056636251,0.9623952438937039,0.7653538050734312,0.7676972653293148,0.82,0.8237391634443915,1.3,26.95
lstm,full_dn,30,0.0004000000000000003,0.7357150237682034,0.9659766492371606,0.7726969292389854,0.7679731346898422,0.8466666666666667,0.8455932666321662,1.3,27.26
lstm,full_dn,31,0.00037906561750282274,0.7299114428612694,0.9674092113745434,0.7583444592790387,0.7530213104984028,0.84,0.835978193262676,1.3,26.98
lstm,full_dn,32,0.00035818861469293886,0.7210470785188535,0.9706324761836544,0.7857142857142857,0.787221740773528,0.8733333333333333,0.8726103790536494,1.25,29.2
lstm,full_dn,33,0.00033742621398390784,0.7133590952730667,0.971921782107299,0.7663551401869159,0.7662235867376473,0.82,0.8208795773240745,1.3,31.06
lstm,full_dn,34,0.00031683532367289644,0.7054262567784091,0.9747152782751952,0.7843791722296395,0.7784967879543252,0.84,0.8331034268179298,1.3,29.3
lstm,full_dn,35,0.00029647238195899193,0.7032354560095451,0.9741422534202421,0.8240987983978638,0.8251093708932686,0.8666666666666667,0.8683363842566878,1.2000000000000002,27.3
lstm,full_dn,36,0.00027639320225002125,0.6922617510562041,0.9787980803667359,0.8064085447263017,0.805024865923164,0.8666666666666667,0.8652144024709131,1.25,27.07
lstm,full_dn,37,0.00025665282018188005,0.692553372649014,0.9785115679392594,0.777369826435247,0.7662580533946112,0.8466666666666667,0.8405700153026487,1.3,26.97
lstm,full_dn,38,0.00023730534276968006,0.6837123232903586,0.9800157581835112,0.7797062750333779,0.7787783442961678,0.8466666666666667,0.8458150323870404,1.3,27.0
lstm,no_dn,1,0.0007994518139018296,1.5597951649236232,0.5006088389083877,0.4355807743658211,0.4075813960675466,0.44,0.4022635457355322,1.35,29.05
lstm,no_dn,2,0.0007978087581473094,1.25742861411862,0.6427190029367524,0.6668891855807744,0.6677034139868491,0.7533333333333333,0.7544194074714097,0.95,31.07
lstm,no_dn,3,0.0007950753362380552,1.1307568750599377,0.6966549674092114,0.6495327102803738,0.6448266970108194,0.6666666666666666,0.6576961570652597,1.05,28.84
lstm,no_dn,4,0.0007912590402935224,1.035117741915671,0.7427834682329346,0.4883177570093458,0.48523793781431956,0.54,0.5400682041071055,1.4,26.97
lstm,no_dn,5,0.0007863703305156274,0.9868313154461442,0.7605472387364802,0.7112817089452603,0.708196218912394,0.7733333333333333,0.7680454590277639,1.15,27.08
lstm,no_dn,6,0.0007804226065180616,0.9341782388249268,0.7859035885681541,0.6158210947930574,0.6162711025529829,0.6666666666666666,0.6585541229114366,1.3,29.51
lstm,no_dn,7,0.0007734321705988808,0.8875585933630245,0.8111883102929589,0.6518691588785047,0.636286296843266,0.7133333333333334,0.6924625743142182,1.2000000000000002,27.2
lstm,no_dn,8,0.0007654181830570405,0.8568945587659051,0.8234367165675811,0.692256341789052,0.6873117610239448,0.74,0.7331138874902949,1.2000000000000002,27.23
lstm,no_dn,9,0.0007564026096753473,0.8156350707181262,0.8403409497886971,0.7189586114819759,0.7132688779994806,0.8,0.793023345095472,1.15,27.23
lstm,no_dn,10,0.0007464101615137757,0.7921892290393378,0.85087028149846,0.7259679572763685,0.7173569430563749,0.7866666666666666,0.7740922894006712,1.2000000000000002,27.3
lstm,no_dn,11,0.0007354682271781698,0.7639478909731099,0.8642647374829884,0.7389853137516689,0.7319693752783769,0.8,0.78973424546912,1.2000000000000002,27.3
lstm,no_dn,12,0.0007236067977499792,0.7496790051861587,0.8709977795286871,0.7620160213618158,0.7572580519293829,0.8066666666666666,0.8012895505441143,1.15,27.32
lstm,no_dn,13,0.0007108583845827886,0.7241114821648172,0.8795931523529833,0.6742323097463284,0.6633739387980853,0.7066666666666667,0.688928226687857,1.4,27.22
lstm,no_dn,14,0.0006972579301909579,0.7067769717353863,0.8864694506124203,0.7760347129506008,0.7768816654601376,0.8733333333333333,0.8738194385024196,1.15,27.13
lstm,no_dn,15,0.0006828427124746193,0.6783052209232916,0.9009383281999856,0.7716955941255007,0.7636814070642906,0.8066666666666666,0.8011156822407886,1.2000000000000002,27.1
lstm,no_dn,16,0.0006676522425435434,0.6646287158365347,0.9086025356349832,0.7036048064085447,0.7114578021412672,0.8,0.803370227328732,1.25,27.48
lstm,no_dn,17,0.0006517281564199351,0.6495836123927652,0.9139030155432992,0.7259679572763685,0.7223041723582175,0.7866666666666666,0.7855359455359455,1.2000000000000002,29.72
lstm,no_dn,18,0.0006351141009169894,0.6355881837674484,0.9163383711768498,0.6725634178905207,0.6612747648389016,0.6933333333333334,0.6690374261408744,1.5,27.35
lstm,no_dn,19,0.000617855614006011,0.6254461662414619,0.9237876942912399,0.7927236315086782,0.7851401068419508,0.86,0.8525517971708183,1.2000000000000002,27.35
lstm,no_dn,20,0.0006000000000000002,0.6120472080121281,0.9293746866270325,0.760347129506008,0.7619403073973199,0.8133333333333334,0.8176388137246551,1.25,27.43
lstm,no_dn,21,0.0005815961998958188,0.6093029930635814,0.9285151493446028,0.7700267022696929,0.764041718354591,0.8133333333333334,0.8078254686489981,1.25,27.81
lstm,no_dn,22,0.0005626946572303203,0.5899347834597002,0.9410500680467015,0.7483311081441922,0.7457093847015226,0.82,0.8179328069450428,1.3,29.25
lstm,no_dn,23,0.0005433471798181204,0.5764746293793793,0.9451328701382422,0.7623497997329773,0.7545363507458948,0.8066666666666666,0.795835107815331,1.3,29.13
lstm,no_dn,24,0.0005236067977499792,0.5711801037705736,0.9450612420313731,0.7923898531375166,0.792368464848057,0.8533333333333334,0.8528857583414935,1.25,27.08
lstm,no_dn,25,0.0005035276180410085,0.5649907752859773,0.9483561349473534,0.7433244325767691,0.74529764960894,0.7933333333333333,0.7925525818267755,1.3,29.13
lstm,no_dn,26,0.00048316467632710387,0.5514941594635003,0.9558054580617434,0.7212950600801068,0.7245161066623631,0.8,0.8072718734803134,1.35,26.92
lstm,no_dn,27,0.0004625737860160926,0.5496915102209935,0.9552324332067903,0.7937249666221629,0.7932211920581905,0.8733333333333333,0.8736869500231569,1.25,27.0
lstm,no_dn,28,0.0004418113853070616,0.5441653630289647,0.9575961607334719,0.7873831775700935,0.790331923478753,0.8533333333333334,0.8559561980272793,1.25,26.88
lstm,no_dn,29,0.0004209343824971777,0.5376406945776491,0.9601747725807607,0.7753671562082777,0.7757353537343542,0.8266666666666667,0.8289252253659601,1.3,27.13
rnn,full_dn,1,0.0007994518139018296,2.052916955029108,0.49659766492371604,0.6141522029372497,0.6005882051136963,0.6533333333333333,0.6405221989513715,0.9,26.7
rnn,full_dn,2,0.0007978087581473094,1.697345951260797,0.6290380345247475,0.6562082777036048,0.6489920146896088,0.6933333333333334,0.6768098365561446,0.9,26.8
rnn,full_dn,3,0.0007950753362380552,1.5441816032517734,0.6894205286154287,0.6378504672897196,0.6382018854152794,0.6733333333333333,0.6731517991812108,1.0,27.01
rnn,full_dn,4,0.0007912590402935224,1.4373948829374361,0.7269536566148557,0.687917222963952,0.6747009234716321,0.7533333333333333,0.7403558705192099,0.95,27.41
rnn,full_dn,5,0.0007863703305156274,1.3589799529151378,0.7542439653319962,0.6431909212283045,0.6367710172486456,0.6733333333333333,0.6658393653130495,1.1,27.64
rnn,full_dn,6,0.0007804226065180616,1.2940625058538158,0.7798868275911468,0.6972630173564753,0.6849472132476006,0.76,0.7474403164261176,1.1,27.35
rnn,full_dn,7,0.0007734321705988808,1.2420752755115507,0.7992264164458134,0.7032710280373832,0.6887310976518463,0.7666666666666667,0.7522048148220317,1.0,27.1
rnn,full_dn,8,0.0007654181830570405,1.2054011786311072,0.8136952940333787,0.7456608811748998,0.7397025215796788,0.7933333333333333,0.7870579481043724,1.0,29.04
rnn,full_dn,9,0.0007564026096753473,1.1713113626780733,0.8264450970560848,0.7316421895861148,0.7225108488016236,0.8,0.7907186680043216,1.1,26.86
rnn,full_dn,10,0.0007464101615137757,1.116455491698665,0.8473605042618724,0.7319759679572764,0.7251053299660956,0.7733333333333333,0.7691951728703462,1.1,27.07
rnn,full_dn,11,0.0007354682271781698,1.0897926227401402,0.8601103072845785,0.6572096128170895,0.6476943029107411,0.7,0.6853455169128544,1.2000000000000002,27.11
rnn,full_dn,12,0.0007236067977499792,1.0635939353252326,0.8691354487500895,0.7900534045393859,0.7861843544780936,0.8333333333333334,0.8273247688427953,1.1,26.9
rnn,full_dn,13,0.0007108583845827886,1.0477766982805985,0.8760833751163957,0.7319759679572764,0.7315444016489158,0.78,0.7773924920754448,1.15,29.09
rnn,full_dn,14,0.0006972579301909579,1.0263277073446484,0.8795931523529833,0.7720293724966623,0.7723573696131445,0.8333333333333334,0.8315872790650578,1.05,27.13
rnn,full_dn,15,0.0006828427124746193,0.9933184609783045,0.8956378482916697,0.7436582109479306,0.7334066423236344,0.8133333333333334,0.8043381780709202,1.15,27.89
rnn,full_dn,16,0.0006676522425435434,0.9716930653763555,0.9023708903373684,0.7192923898531375,0.7176477692763321,0.7466666666666667,0.7403342721575842,1.2000000000000002,29.44
rnn,full_dn,17,0.0006517281564199351,0.9553824526969397,0.9079578826731609,0.7857142857142857,0.7874508199151096,0.8733333333333333,0.87595003254486,1.15,27.39
rnn,full_dn,18,0.0006351141009169894,0.927838941450729,0.9161234868562423,0.7236315086782377,0.7071641994196385,0.7666666666666667,0.7522455648926238,1.25,27.11
rnn,full_dn,19,0.000617855614006011,0.9109035793121646,0.9264379342453979,0.7279706275033377,0.728207112144693,0.7933333333333333,0.7947240036335799,1.25,29.23
rnn,full_dn,20,0.0006000000000000002,0.8993868539466718,0.9288016617720793,0.7853805073431241,0.7850062983337616,0.8466666666666667,0.8464550890691047,1.1,29.07
rnn,full_dn,21,0.0005815961998958188,0.8929898746716721,0.9295179428407707,0.7666889185580774,0.761291295836285,0.8,0.7929386988643224,1.2000000000000002,27.21
rnn,full_dn,22,0.0005626946572303203,0.8706040206914235,0.9373254064895065,0.7780373831775701,0.7771400664795103,0.8266666666666667,0.8279373759238583,1.15,27.07
rnn,full_dn,23,0.0005433471798181204,0.8545344354224985,0.9410500680467015,0.7546728971962616,0.7493294852401208,0.7933333333333333,0.78652797641118,1.25,29.23
rnn,full_dn,24,0.0005236067977499792,0.8423738258418308,0.9452044982451114,0.7770360480640854,0.7722070715563062,0.8333333333333334,0.8309961855844209,1.15,26.94
rnn,full_dn,25,0.0005035276180410085,0.8375146075038256,0.9472817133443163,0.7927236315086782,0.79215676348443,0.8666666666666667,0.8665137610813363,1.1,27.15
rnn,full_dn,26,0.00048316467632710387,0.8231579220386317,0.951364515435857,0.7716955941255007,0.764360306858921,0.8066666666666666,0.79201406176845,1.15,27.19
rnn,full_dn,27,0.0004625737860160926,0.8203926381695262,0.9500035814053435,0.7383177570093458,0.7262112430783989,0.7933333333333333,0.7846224273169244,1.25,27.22
rnn,full_dn,28,0.0004418113853070616,0.8105852006585096,0.9541580116037534,0.7800400534045394,0.7696396093623932,0.82,0.8088765356507291,1.2000000000000002,27.51
rnn,full_dn,29,0.0004209343824971777,0.7888293881811151,0.9630398968555262,0.8004005340453939,0.8003788838776014,0.84,0.8397212109976293,1.1,29.36
rnn,full_dn,30,0.0004000000000000003,0.785174722735037,0.9631831530692644,0.7977303070761015,0.7964470622294622,0.8466666666666667,0.8470161782661781,1.15,27.46
rnn,full_dn,31,0.00037906561750282274,0.7853907429721975,0.9644008308860397,0.8060747663551402,0.7981989840315715,0.8666666666666667,0.8576087958694449,1.15,29.29
rnn,full_dn,32,0.00035818861469293886,0.7709461672754686,0.967265955160805,0.8067423230974633,0.8062487777315301,0.8733333333333333,0.8747334430802173,1.15,31.05
rnn,no_dn,1,0.0007994518139018296,1.5766256230410802,0.4930162595802593,0.6184913217623498,0.62716165013845,0.6933333333333334,0.6973641030631478,0.8,27.24
rnn,no_dn,2,0.0007978087581473094,1.272028483315394,0.6369887543872216,0.6318424566088118,0.630245282469428,0.7133333333333334,0.7115378925493527,0.95,27.34
rnn,no_dn,3,0.0007950753362380552,1.1340294323082973,0.699090323042762,0.6568758344459279,0.6399779257143556,0.7066666666666667,0.6835982402610902,1.15,27.09
rnn,no_dn,4,0.0007912590402935224,1.0448936399198623,0.7379843850727025,0.709279038718291,0.7035702716179693,0.7866666666666666,0.7801866820367769,1.0,27.15
rnn,no_dn,5,0.0007863703305156274,0.9852031628165577,0.7669221402478332,0.7253004005340454,0.7184402815211236,0.76,0.7488599307308984,0.95,27.28
rnn,no_dn,6,0.0007804226065180616,0.9273258578289751,0.7940691927512356,0.5901201602136181,0.5740889993874936,0.6066666666666667,0.5876625864556899,1.35,29.54
rnn,no_dn,7,0.0007734321705988808,0.8912363653922096,0.8088245827662774,0.6812416555407209,0.6490821698831659,0.72,0.6930398437650315,1.2000000000000002,27.28
rnn,no_dn,8,0.0007654181830570405,0.8539332505428947,0.8245827662774873,0.692256341789052,0.6876980651185104,0.7466666666666667,0.7411683269254483,1.15,27.58
rnn,no_dn,9,0.0007564026096753473,0.8251257781082098,0.8404842060024353,0.719626168224299,0.7141309799724479,0.7733333333333333,0.7607674817482757,1.2000000000000002,27.56
rnn,no_dn,10,0.0007464101615137757,0.8021453845621342,0.8502256285366377,0.6608811748998665,0.6472222743140943,0.6866666666666666,0.6731695999154379,1.25,29.45
rnn,no_dn,11,0.0007354682271781698,0.7712030409998115,0.8636917126280352,0.6712283044058746,0.6648893703292079,0.7133333333333334,0.7094120911767969,1.25,27.43
rnn,no_dn,12,0.0007236067977499792,0.750481423723024,0.8737912756965833,0.7076101468624834,0.7073871938078261,0.7666666666666667,0.7628555381816251,1.2000000000000002,27.5
rnn,no_dn,13,0.0007108583845827886,0.7397008710856697,0.8786619869636846,0.7369826435246996,0.7273061695861555,0.7866666666666666,0.7712500666497798,1.15,27.29
rnn,no_dn,14,0.0006972579301909579,0.7194371069667076,0.8906955089176993,0.7576769025367156,0.7495133931058087,0.7933333333333333,0.7804028418289878,1.15,27.68
rnn,no_dn,15,0.0006828427124746193,0.6990086175797534,0.8975001790702671,0.6698931909212283,0.6752182772173698,0.7266666666666667,0.7253770751188935,1.25,27.37
rnn,no_dn,16,0.0006676522425435434,0.6830790777678101,0.9040899649022276,0.7389853137516689,0.7352877808658789,0.7733333333333333,0.7733992270116559,1.15,29.32
rnn,no_dn,17,0.0006517281564199351,0.6718184371389399,0.9099634696654968,0.7553404539385847,0.7509305519084633,0.8066666666666666,0.8037381066303938,1.2000000000000002,26.96
rnn,no_dn,18,0.0006351141009169894,0.6556969770395724,0.9193467516653535,0.6869158878504673,0.6856196245494142,0.72,0.7221508424180675,1.35,27.03
rnn,no_dn,19,0.000617855614006011,0.6476446081305907,0.9211374543370818,0.6845794392523364,0.6918846032252153,0.7266666666666667,0.7371256746229358,1.25,27.14
rnn,no_dn,20,0.0006000000000000002,0.6460719750779857,0.9224983883675955,0.7222963951935915,0.7114860408315655,0.76,0.7513141314932177,1.2000000000000002,29.01
rnn,no_dn,21,0.0005815961998958188,0.6296868360654799,0.9330277200773583,0.7516688918558078,0.7471744871198458,0.8133333333333334,0.8122892285689838,1.2000000000000002,27.12
rnn,no_dn,22,0.0005626946572303203,0.6203006914117755,0.9309505049781535,0.8004005340453939,0.7966767135142707,0.8466666666666667,0.8438423272366216,1.15,27.31
rnn,no_dn,23,0.0005433471798181204,0.6060698916052911,0.9387579686268892,0.7373164218958611,0.733253984079882,0.8266666666666667,0.8230437232364209,1.15,27.14
rnn,no_dn,24,0.0005236067977499792,0.5943867825187813,0.944989613924504,0.7843791722296395,0.7758520820553113,0.8133333333333334,0.8034833050654552,1.2000000000000002,27.31
rnn,no_dn,25,0.0005035276180410085,0.5945034588308016,0.9420528615428694,0.7536715620827771,0.7487216450307717,0.8,0.795980758523862,1.2000000000000002,27.21
rnn,no_dn,26,0.00048316467632710387,0.5776709960700874,0.9510063749015113,0.7900534045393859,0.7899937321798698,0.84,0.8388976077685755,1.1,29.77
rnn,no_dn,27,0.0004625737860160926,0.5777628838644525,0.949215672229783,0.7493324432576769,0.7507483280623685,0.78,0.7850452204575143,1.25,27.44
rnn,no_dn,28,0.0004418113853070616,0.5694492897803953,0.9545877802449682,0.7416555407209613,0.7307715536703897,0.7866666666666666,0.776851299716512,1.25,27.54
rnn,no_dn,29,0.0004209343824971777,0.5623074131660565,0.956664995344173,0.8064085447263017,0.8065273092466352,0.8733333333333333,0.8718843911001863,1.1,27.21
rnn,no_dn,30,0.0004000000000000003,0.5554262326923434,0.9609626817563212,0.7873831775700935,0.779715612934189,0.84,0.8377336528984495,1.2000000000000002,27.36
rnn,no_dn,31,0.00037906561750282274,0.5517250866062892,0.9620371033593582,0.746995994659546,0.7431620052565453,0.8066666666666666,0.8003954567487274,1.2000000000000002,29.17
rnn,no_dn,32,0.00035818861469293886,0.5461291001148906,0.9657617649165533,0.719626168224299,0.7057062972838983,0.7866666666666666,0.7772358389500562,1.3,27.27
rnn,no_dn,33,0.00033742621398390784,0.5470267276855793,0.9626817563211805,0.7867156208277704,0.7814997262642333,0.8466666666666667,0.8438432447636515,1.2000000000000002,27.35
rnn,no_dn,34,0.00031683532367289644,0.5375604754182143,0.9673375832676743,0.7696929238985314,0.7598429923509972,0.8133333333333334,0.8053036121383199,1.2000000000000002,27.31
rnn,no_dn,35,0.00029647238195899193,0.5360420130699687,0.9677673519088891,0.7860480640854473,0.7762276161655525,0.84,0.8388345667433542,1.2000000000000002,27.72
rnn,no_dn,36,0.00027639320225002125,0.5244743667233939,0.9732110880309434,0.7823765020026703,0.7798730533620165,0.84,0.8388711860035389,1.2000000000000002,27.56
rnn,no_dn,37,0.00025665282018188005,0.5228298099400808,0.9728529474965977,0.7893858477970628,0.7832465303055991,0.8333333333333334,0.8288893247716779,1.2000000000000002,27.82
rnn,no_dn,38,0.00023730534276968006,0.5161850307221895,0.9760762123057087,0.7653538050734312,0.7499887737249067,0.8066666666666666,0.790784070909283,1.2000000000000002,27.48
rnn,no_dn,39,0.0002184038001041814,0.5153677112461374,0.9770073776950076,0.7923898531375166,0.7925583642627624,0.8466666666666667,0.849526384081738,1.2000000000000002,27.98
rnn,no_dn,40,0.0002000000000000002,0.5091009324750196,0.979371105221689,0.7783711615487316,0.7722183779533863,0.82,0.8187192577953448,1.25,27.63
rnn,no_dn,41,0.0001821443859939894,0.5074866695421472,0.9808036673590717,0.7923898531375166,0.7901998649170321,0.8333333333333334,0.8348008716429769,1.2000000000000002,27.26
rnn,no_dn,42,0.0001648858990830109,0.5033204205337922,0.982522741923931,0.8294392523364486,0.8279545093070857,0.8933333333333333,0.8932537436554154,1.15,27.46
rnn,no_dn,43,0.00014827184358006518,0.4996490236570548,0.9835255354200988,0.8050734312416555,0.8027520746858656,0.88,0.8812293672833162,1.15,29.36
rnn,no_dn,44,0.00013234775745645693,0.49873500682419447,0.9822362294964544,0.8184245660881175,0.8189756598685362,0.8533333333333334,0.8545762188820651,1.15,27.23
rnn,no_dn,45,0.0001171572875253811,0.49890192125325356,0.9847432132368742,0.7987316421895861,0.7941190964482373,0.84,0.8337751593049146,1.2000000000000002,29.36
rnn,no_dn,46,0.00010274206980904243,0.49277529643229345,0.9848864694506124,0.7983978638184246,0.7941861551157338,0.86,0.8562022875377583,1.2000000000000002,27.06
rnn,no_dn,47,8.914161541721172e-05,0.49072191120047903,0.9872501969772939,0.818090787716956,0.8158849196725972,0.8733333333333333,0.8714557527468931,1.15,27.27
rnn,no_dn,48,7.639320225002113e-05,0.4893300565101468,0.9859608910536495,0.8064085447263017,0.800629306478292,0.8666666666666667,0.8662038414521567,1.15,27.45
rnn,no_dn,49,6.453177282183048e-05,0.48813600770194676,0.987321825084163,0.8274365821094793,0.826438294753439,0.8866666666666667,0.8872775499847245,1.15,27.58
rnn,no_dn,50,5.358983848622456e-05,0.48798771754913706,0.9876799656185087,0.8210947930574098,0.8188660673806882,0.8866666666666667,0.888786950905972,1.15,27.6
rnn,no_dn,51,4.3597390324652926e-05,0.48449065231054167,0.9890408996490223,0.8160881174899867,0.8144018652348887,0.8933333333333333,0.8948501692967767,1.15,27.68
rnn,no_dn,52,3.458181694295964e-05,0.4823829793339173,0.988897643435284,0.8227636849132176,0.8211474409576989,0.88,0.8798594298676088,1.15,27.84
rnn,no_dn,53,2.6567829401119323e-05,0.4819229794589456,0.9902585774657976,0.8230974632843792,0.8213380187060542,0.88,0.8794908437358382,1.15,27.68
rnn,no_dn,54,1.95773934819386e-05,0.4812329360018076,0.989972065038321,0.8240987983978638,0.8228685581339352,0.8933333333333333,0.8942130659580604,1.15,29.57
rnn,no_dn,55,1.3629669484372683e-05,0.48078599835815167,0.9902585774657976,0.8234312416555407,0.821726036030195,0.8933333333333333,0.8934885373247443,1.15,27.62
rnn,no_dn,56,8.74095970647773e-06,0.48240508044246755,0.989399040183368,0.8251001335113485,0.8243944379996853,0.8866666666666667,0.8873810406624644,1.15,27.57
rnn,no_dn,57,4.9246637619449396e-06,0.4785949648873921,0.9909032304276199,0.8237650200267023,0.8227413283754602,0.8866666666666667,0.8886842132962822,1.15,27.39
mlp,full_dn,1,0.0007994518139018296,2.1817565695124825,0.42496955805458064,0.5263684913217623,0.5163628840788139,0.56,0.5377854415088458,1.0,27.17
mlp,full_dn,2,0.0007978087581473094,1.7328150500780566,0.6033235441587279,0.5260347129506008,0.4981597484538967,0.54,0.5072333503751989,1.3,27.21
mlp,full_dn,3,0.0007950753362380552,1.5454489652222987,0.6815414368598238,0.6425233644859814,0.6271822067865391,0.68,0.6617817836118587,1.2000000000000002,27.17
mlp,full_dn,4,0.0007912590402935224,1.3982840214338508,0.7287443592865841,0.6074766355140186,0.5951783699406811,0.6533333333333333,0.6362367628663513,1.2000000000000002,27.39
mlp,full_dn,5,0.0007863703305156274,1.3124394278481564,0.7613351479120407,0.644192256341789,0.6288740479485306,0.7,0.6839283878016647,1.2000000000000002,27.35
mlp,full_dn,6,0.0007804226065180616,1.2349573969200598,0.7888403409497887,0.5410547396528705,0.5485746951613955,0.5666666666666667,0.5645327534522582,1.4,27.32
mlp,full_dn,7,0.0007734321705988808,1.1642515499487143,0.8151994842776306,0.7086114819759679,0.7053355381806776,0.7666666666666667,0.7633353488681631,1.15,27.47
mlp,full_dn,8,0.0007654181830570405,1.1266381669015464,0.8264450970560848,0.67456608811749,0.6776366742652868,0.72,0.7275892005460525,1.3,27.43
mlp,full_dn,9,0.0007564026096753473,1.0766419536634841,0.8506553971778525,0.6538718291054739,0.628473846365606,0.72,0.6968945224792882,1.35,27.32
mlp,full_dn,10,0.0007464101615137757,1.0207081595504448,0.8666284650096698,0.7279706275033377,0.7295240896036784,0.7866666666666666,0.7904775132275133,1.25,27.41
mlp,full_dn,11,0.0007354682271781698,1.0009162936013558,0.8712126638492944,0.6592122830440588,0.6550734354986469,0.6933333333333334,0.6838603949656582,1.4,27.44
mlp,full_dn,12,0.0007236067977499792,0.9562932508619046,0.8896210873146623,0.739652870493992,0.7357206400536774,0.8266666666666667,0.8271334084911262,1.15,27.33
mlp,full_dn,13,0.0007108583845827886,0.9302565375727608,0.897428550963398,0.7630173564753004,0.7602383104524726,0.82,0.814639529172636,1.2000000000000002,29.44
mlp,full_dn,14,0.0006972579301909579,0.8952002375560165,0.9103932383067116,0.7596795727636849,0.7643099766026553,0.8266666666666667,0.8308109979451442,1.2000000000000002,27.0
mlp,full_dn,15,0.0006828427124746193,0.8711788278196083,0.9156937182150275,0.7192923898531375,0.7219180115317985,0.7733333333333333,0.7765678392295541,1.3,27.2
mlp,full_dn,16,0.0006676522425435434,0.8572394037501159,0.9248621158942769,0.7042723631508678,0.6920829432393679,0.7533333333333333,0.7429747464877423,1.35,27.24
mlp,full_dn,17,0.0006517281564199351,0.8218323757480938,0.9363942411002077,0.7176234979973297,0.7210914048590761,0.76,0.7629117862813516,1.3,27.44
mlp,full_dn,18,0.0006351141009169894,0.816076690663445,0.9386863405200201,0.7810413885180241,0.7823105404573784,0.88,0.8809513710653867,1.2000000000000002,31.1
mlp,full_dn,19,0.000617855614006011,0.8037506127611938,0.9409784399398324,0.7036048064085447,0.7012235999562009,0.78,0.7764452536191666,1.3,27.11
mlp,full_dn,20,0.0006000000000000002,0.7898047737572838,0.9442017047489435,0.6128170894526035,0.6277872444728155,0.6666666666666666,0.6822540961927152,1.6,27.26
mlp,full_dn,21,0.0005815961998958188,0.7752022085144735,0.9508631186877731,0.7630173564753004,0.7664145744110162,0.8266666666666667,0.8235632198372776,1.25,27.39
mlp,full_dn,22,0.0005626946572303203,0.7584958991274503,0.9545877802449682,0.757343124165554,0.7688528548501942,0.8133333333333334,0.8192485776906269,1.25,27.3
mlp,full_dn,23,0.0005433471798181204,0.7509443314879306,0.9578110450540792,0.767022696929239,0.7663363999015516,0.8333333333333334,0.8323954393877969,1.3,27.12
mlp,full_dn,24,0.0005236067977499792,0.7346884860801847,0.9633264092830026,0.7459946595460614,0.7457822057856426,0.8133333333333334,0.8140992976299689,1.35,26.36
mlp,full_dn,25,0.0005035276180410085,0.7262066745602652,0.966692930305852,0.7940587449933244,0.7897316950363024,0.8333333333333334,0.8300038872077504,1.25,25.62
mlp,full_dn,26,0.00048316467632710387,0.7245040730183057,0.9671943270539359,0.7997329773030708,0.7972276287568468,0.8933333333333333,0.893502181088388,1.2000000000000002,25.9
mlp,full_dn,27,0.0004625737860160926,0.7260290369221734,0.9675524675882816,0.7923898531375166,0.7889246151232328,0.84,0.8394301613308844,1.2000000000000002,26.23
mlp,full_dn,28,0.0004418113853070616,0.7147521762176414,0.9681971205501039,0.7973965287049399,0.7873517335259262,0.88,0.8740136912063449,1.25,26.62
mlp,full_dn,29,0.0004209343824971777,0.697704167909433,0.9742855096339804,0.7386515353805073,0.7358987419020651,0.7866666666666666,0.7811661449679225,1.35,27.24
mlp,full_dn,30,0.0004000000000000003,0.7017752359678663,0.9732110880309434,0.7893858477970628,0.7880391197938568,0.8466666666666667,0.8458789152024446,1.25,26.81
mlp,full_dn,31,0.00037906561750282274,0.6864750304507984,0.977293890122484,0.8311081441922563,0.8293064859162025,0.8866666666666667,0.8868528529930085,1.15,26.68
mlp,full_dn,32,0.00035818861469293886,0.6802606656458972,0.978869708473605,0.7837116154873164,0.7814836912432769,0.8533333333333334,0.8500305247490847,1.25,26.94
mlp,full_dn,33,0.00033742621398390784,0.6793347965568639,0.9795143614354272,0.8027369826435247,0.8026870315022299,0.86,0.8598171794362004,1.25,26.81
mlp,full_dn,34,0.00031683532367289644,0.6753296871750909,0.9805171549315952,0.7963951935914553,0.7926108250989865,0.84,0.8359248673346038,1.25,26.96
mlp,full_dn,35,0.00029647238195899193,0.6723480522227009,0.9811618078934173,0.7927236315086782,0.789508821403617,0.8466666666666667,0.8444167338909864,1.25,27.0
mlp,full_dn,36,0.00027639320225002125,0.6627381009184933,0.9845283289162667,0.8167556742323098,0.8163028422401979,0.8866666666666667,0.8873230227318103,1.2000000000000002,28.9
mlp,full_dn,37,0.00025665282018188005,0.6633775357222901,0.9851013537712199,0.812082777036048,0.8126998021852417,0.86,0.8601802819600373,1.25,30.95
mlp,full_dn,38,0.00023730534276968006,0.6591862343237296,0.9849580975574815,0.8170894526034713,0.8153291131500872,0.9,0.9001849771885923,1.2000000000000002,26.62
mlp,full_dn,39,0.0002184038001041814,0.6539195754724266,0.9875367094047705,0.8194259012016022,0.8188014042122598,0.8733333333333333,0.876276635550829,1.25,28.93
mlp,full_dn,40,0.0002000000000000002,0.6521988176751312,0.9872501969772939,0.8237650200267023,0.8242740021021566,0.88,0.8806149078952192,1.2000000000000002,26.66
mlp,full_dn,41,0.0001821443859939894,0.6470767666553924,0.988897643435284,0.8314419225634179,0.830637075712031,0.8866666666666667,0.8865377045090614,1.2000000000000002,26.78
mlp,full_dn,42,0.0001648858990830109,0.6525735987410249,0.9868920564429482,0.8174232309746329,0.8117835468154737,0.8666666666666667,0.8602463383472511,1.2000000000000002,27.03
mlp,full_dn,43,0.00014827184358006518,0.6464428499284441,0.989399040183368,0.815086782376502,0.8128698801369598,0.8733333333333333,0.8726604056554,1.25,27.06
mlp,full_dn,44,0.00013234775745645693,0.6433590525807542,0.9886827591146766,0.8210947930574098,0.8184653427043631,0.8933333333333333,0.8940970245920189,1.2000000000000002,27.04
mlp,full_dn,45,0.0001171572875253811,0.6400846135060431,0.9903302055726667,0.8274365821094793,0.8257731508400562,0.88,0.8806748359167713,1.2000000000000002,27.45
mlp,full_dn,46,0.00010274206980904243,0.6374094376172269,0.9917627677100495,0.8294392523364486,0.8281897126030457,0.88,0.8807226451945258,1.2000000000000002,27.17
mlp,full_dn,47,8.914161541721172e-05,0.6338395751331232,0.9924074206718716,0.8220961281708945,0.8208084134380054,0.8933333333333333,0.8934808993428047,1.2000000000000002,27.1
mlp,full_dn,48,7.639320225002113e-05,0.6345226355118496,0.9929804455268247,0.8431241655540721,0.8433388425798706,0.9266666666666666,0.9272464775676678,1.15,27.08
mlp,full_dn,49,6.453177282183048e-05,0.6316609344333165,0.9937683547023852,0.8397863818424566,0.8385471919939589,0.9,0.8999755680915303,1.2000000000000002,26.71
mlp,full_dn,50,5.358983848622456e-05,0.6311589180974904,0.9930520736336939,0.8354472630173565,0.8338743123131916,0.9,0.8994601926623617,1.2000000000000002,26.81
mlp,full_dn,51,4.3597390324652926e-05,0.6306145844704766,0.9929804455268247,0.835113484646195,0.8341187506606195,0.8866666666666667,0.886302527499691,1.2000000000000002,26.92
mlp,full_dn,52,3.458181694295964e-05,0.6239092967399391,0.9947711481985531,0.8387850467289719,0.8382745467385346,0.9133333333333333,0.9138983129403041,1.15,26.8
mlp,full_dn,53,2.6567829401119323e-05,0.6268014698210952,0.9935534703817778,0.8384512683578104,0.8379156204492488,0.9,0.900628145028868,1.2000000000000002,26.66
mlp,full_dn,54,1.95773934819386e-05,0.6288988923763497,0.9931953298474321,0.8401201602136181,0.8398209055024225,0.9066666666666666,0.9062947119106741,1.15,27.04
mlp,full_dn,55,1.3629669484372683e-05,0.6265410277761674,0.9943413795573383,0.8401201602136181,0.8399424690513065,0.9,0.9010313708353197,1.15,26.89
mlp,full_dn,56,8.74095970647773e-06,0.6275985436857571,0.9944846357710766,0.8434579439252337,0.8426319128518104,0.9066666666666666,0.9075411171142539,1.15,27.29
mlp,full_dn,57,4.9246637619449396e-06,0.6252111002902112,0.9938399828092543,0.8451268357810414,0.8445308208890812,0.92,0.9202813973197733,1.15,29.52
mlp,full_dn,58,2.191241852690641e-06,0.629254441720334,0.9932669579543013,0.8467957276368492,0.8456887473863567,0.9066666666666666,0.9075411171142539,1.15,27.07
mlp,full_dn,59,5.481860981704671e-07,0.6245409979083187,0.9942697514504691,0.8414552736982643,0.8409709748458474,0.9133333333333333,0.9133684252343874,1.15,27.07
mlp,full_dn,60,0.0,0.6247084054024032,0.9949860325191605,0.8441255006675568,0.8435302485841378,0.9066666666666666,0.9071453069548175,1.15,27.21
mlp,no_dn,1,0.0007994518139018296,1.7099944259348319,0.4271900293675238,0.4672897196261682,0.42631660579410935,0.4666666666666667,0.3983878841021698,1.2000000000000002,27.26
mlp,no_dn,2,0.0007978087581473094,1.349017006305268,0.6004584198839624,0.4826435246995995,0.4542622459922945,0.5133333333333333,0.4886440225729219,1.5,29.32
mlp,no_dn,3,0.0007950753362380552,1.2006956374147424,0.669006518157725,0.630173564753004,0.6227217647797916,0.68,0.6654104133414478,1.1,27.22
mlp,no_dn,4,0.0007912590402935224,1.0698022703481995,0.7301769214239667,0.6358477970627503,0.6157978479075766,0.6733333333333333,0.6396944696271861,1.15,26.98
mlp,no_dn,5,0.0007863703305156274,1.0104440482944756,0.7575388582479765,0.69826435246996,0.6889933115294757,0.7333333333333333,0.721739835963265,1.1,26.91
mlp,no_dn,6,0.0007804226065180616,0.9324862001430817,0.7877659193467517,0.5944592790387183,0.5552017279879956,0.66,0.6161508996081827,1.4,28.86
mlp,no_dn,7,0.0007734321705988808,0.8926376389036308,0.8045985244609984,0.6698931909212283,0.6573020470700321,0.7333333333333333,0.7229990230650343,1.2000000000000002,26.75
mlp,no_dn,8,0.0007654181830570405,0.8380670262974677,0.8311009240025786,0.6989319092122831,0.698786707103228,0.7466666666666667,0.7470614548849843,1.2000000000000002,27.12
mlp,no_dn,9,0.0007564026096753473,0.8109969959996097,0.8452116610557983,0.6835781041388518,0.6734960398968282,0.74,0.725336109968463,1.3,27.06
mlp,no_dn,10,0.0007464101615137757,0.7666634102364972,0.8580330921853735,0.6805740987983978,0.6813708601037849,0.7333333333333333,0.7342449650110942,1.3,27.36
mlp,no_dn,11,0.0007354682271781698,0.7325575905153244,0.8752238378339661,0.6224966622162884,0.5923779509432568,0.66,0.6178808564412173,1.6,27.48
mlp,no_dn,12,0.0007236067977499792,0.7180300118050358,0.8834610701239166,0.7229639519359146,0.7084848231333971,0.7866666666666666,0.7689319416264387,1.25,29.63
mlp,no_dn,13,0.0007108583845827886,0.6866554766711939,0.8972136666427907,0.7259679572763685,0.7200852024797902,0.78,0.7728371271911738,1.25,29.47
mlp,no_dn,14,0.0006972579301909579,0.6678552344120144,0.904806245970919,0.692256341789052,0.6863950101843788,0.7533333333333333,0.7417815251730859,1.35,29.39
mlp,no_dn,15,0.0006828427124746193,0.6595626591560227,0.9060239237876943,0.7950600801068091,0.7939839695134049,0.86,0.858375627534415,1.15,27.18
mlp,no_dn,16,0.0006676522425435434,0.6294934650041613,0.9188453549172695,0.7009345794392523,0.6925010880601503,0.7333333333333333,0.724251628001628,1.4,27.12
mlp,no_dn,17,0.0006517281564199351,0.6131998999020951,0.9273690996346966,0.7149532710280374,0.7194220741902303,0.76,0.7654160397389507,1.3,31.17
mlp,no_dn,18,0.0006351141009169894,0.5879749378513516,0.9379700594513287,0.7526702269692924,0.7564770386399213,0.8066666666666666,0.809606346637185,1.3,27.03
mlp,no_dn,19,0.000617855614006011,0.5851670187426948,0.9394026215887115,0.7653538050734312,0.7564733757084433,0.8266666666666667,0.8135389549141671,1.25,26.68
mlp,no_dn,20,0.0006000000000000002,0.571323575412345,0.9437003080008596,0.732977303070761,0.7273504519567362,0.7933333333333333,0.7875076600174663,1.35,27.02
mlp,no_dn,21,0.0005815961998958188,0.5614376116102929,0.9484277630542225,0.6959279038718291,0.7024515656826537,0.7533333333333333,0.7568477547970919,1.4,29.26
mlp,no_dn,22,0.0005626946572303203,0.5568753847692648,0.9491440441229139,0.7933911882510013,0.7949767826916101,0.8666666666666667,0.8672085978537591,1.25,27.35
mlp,no_dn,23,0.0005433471798181204,0.5391331842691763,0.9574529045197335,0.8060747663551402,0.8049564937794049,0.88,0.8794662178755616,1.2000000000000002,27.29
mlp,no_dn,24,0.0005236067977499792,0.5357104297136306,0.9580975574815558,0.7870493991989319,0.7836350299438299,0.8666666666666667,0.8641319373335339,1.25,27.38
mlp,no_dn,25,0.0005035276180410085,0.5303281609679557,0.9607477974357138,0.8027369826435247,0.8007782490556868,0.8733333333333333,0.8727063089549185,1.25,27.32
mlp,no_dn,26,0.00048316467632710387,0.5314187029355679,0.9596017477258076,0.8000667556742324,0.7953155092679849,0.8933333333333333,0.8922566498583043,1.2000000000000002,29.64
mlp,no_dn,27,0.0004625737860160926,0.5168035588072515,0.9668361865195902,0.8140854472630173,0.811627215031646,0.8933333333333333,0.8938007566764193,1.2000000000000002,27.48
mlp,no_dn,28,0.0004418113853070616,0.5134866485605266,0.9690566578325335,0.804739652870494,0.80270442539637,0.88,0.8791214318335957,1.2000000000000002,29.35
mlp,no_dn,29,0.0004209343824971777,0.5014054713460284,0.972494806962252,0.8257676902536716,0.8254349889502798,0.9133333333333333,0.9141581374687602,1.2000000000000002,27.22
mlp,no_dn,30,0.0004000000000000003,0.5006824298528637,0.9731394599240742,0.8037383177570093,0.7999961147982202,0.8666666666666667,0.8656564744467972,1.25,31.25
mlp,no_dn,31,0.00037906561750282274,0.4905911158391683,0.9783683117255211,0.7510013351134847,0.7486440836811012,0.8133333333333334,0.8161284032286836,1.35,27.04
mlp,no_dn,32,0.00035818861469293886,0.4895887548897364,0.9772222620156149,0.7933911882510013,0.7882697708569611,0.8466666666666667,0.8458713667681966,1.25,27.51
mlp,no_dn,33,0.00033742621398390784,0.48650339999980036,0.9780817992980445,0.815086782376502,0.8126582260840924,0.8933333333333333,0.892474116539745,1.25,32.05
mlp,no_dn,34,0.00031683532367289644,0.48163154454638046,0.9805887830384643,0.80173564753004,0.7877150202692986,0.8466666666666667,0.8258870016369707,1.3,27.34
mlp,no_dn,35,0.00029647238195899193,0.48105369755142646,0.9814483203208939,0.8274365821094793,0.8250322629207634,0.9,0.8993744457605446,1.2000000000000002,27.57
mlp,no_dn,36,0.00027639320225002125,0.4746669010112385,0.9827376262445383,0.8140854472630173,0.8124772797929086,0.86,0.8603756252707866,1.25,27.34
mlp,no_dn,37,0.00025665282018188005,0.47266583155658387,0.9853878661986963,0.835781041388518,0.8342619364917312,0.8866666666666667,0.8871111199392623,1.2000000000000002,27.59
mlp,no_dn,38,0.00023730534276968006,0.47197268515703594,0.9845999570231359,0.8064085447263017,0.8082882947897128,0.8666666666666667,0.8684352595502238,1.25,27.21
mlp,no_dn,39,0.0002184038001041814,0.47157349655266334,0.9845999570231359,0.8104138851802403,0.8060808550673633,0.8666666666666667,0.8662605007081877,1.25,27.55
mlp,no_dn,40,0.0002000000000000002,0.46456387571162766,0.9871069407635557,0.8294392523364486,0.8288792248620158,0.9066666666666666,0.9071822286908494,1.2000000000000002,29.31
mlp,no_dn,41,0.0001821443859939894,0.4609683185770983,0.9890408996490223,0.8087449933244326,0.8006466134034438,0.84,0.8337886296709826,1.25,27.14
mlp,no_dn,42,0.0001648858990830109,0.4653615087610151,0.9875367094047705,0.8237650200267023,0.8210266497521488,0.8733333333333333,0.8722950538281298,1.2000000000000002,27.23
mlp,no_dn,43,0.00014827184358006518,0.4601898451271888,0.9888260153284149,0.8317757009345794,0.8279513728354868,0.8866666666666667,0.8851582728180091,1.2000000000000002,27.29
mlp,no_dn,44,0.00013234775745645693,0.45923250509524327,0.9892557839696297,0.8117489986648865,0.8070386651648228,0.86,0.8581977409563617,1.25,29.21
transformer,full_dn,1,0.0007994518139018296,2.13701788151762,0.45276126351980517,0.5707610146862483,0.5542465399634928,0.6266666666666667,0.6145538880021638,1.0,27.08
transformer,full_dn,2,0.0007978087581473094,1.7228854430557774,0.6131365947997994,0.5634178905206942,0.5494609393533781,0.6,0.594157550735236,1.15,27.23
transformer,full_dn,3,0.0007950753362380552,1.5641720706263293,0.670582336508846,0.6435246995994659,0.6244919727609867,0.7066666666666667,0.6811754369911248,1.05,27.27
transformer,full_dn,4,0.0007912590402935224,1.4565409836391008,0.7147768784471027,0.6034712950600801,0.5838749532818915,0.6533333333333333,0.6229500100180325,1.25,27.45
transformer,full_dn,5,0.0007863703305156274,1.377241419905638,0.7377695007520951,0.681909212283044,0.6761781802479441,0.7866666666666666,0.7815744895867617,1.05,27.47
transformer,full_dn,6,0.0007804226065180616,1.306658271287883,0.7662058591791419,0.6298397863818425,0.6209121007662783,0.68,0.6715246038228478,1.25,27.59
transformer,full_dn,7,0.0007734321705988808,1.2787523089059059,0.7755891411789987,0.695260347129506,0.6824616334327845,0.76,0.7400832317572537,1.1,27.62
transformer,full_dn,8,0.0007654181830570405,1.249355621678074,0.786404985316238,0.6859145527369827,0.6533986099447713,0.7466666666666667,0.7120829006408702,1.2000000000000002,27.51
transformer,full_dn,9,0.0007564026096753473,1.1731430676799561,0.8146264594226774,0.664218958611482,0.6647506730021862,0.7466666666666667,0.7426671467558167,1.25,29.43
transformer,full_dn,10,0.0007464101615137757,1.14273093951721,0.8227204354988897,0.6121495327102804,0.5955541412271204,0.6133333333333333,0.5937797425078741,1.4,27.3
transformer,full_dn,11,0.0007354682271781698,1.1151373504302997,0.8369744287658477,0.7222963951935915,0.7159678375749345,0.7533333333333333,0.741706328154604,1.15,27.3
transformer,full_dn,12,0.0007236067977499792,1.1072182767704235,0.8409139746436501,0.6835781041388518,0.6749957723448061,0.7,0.6844698226938732,1.2000000000000002,27.3
transformer,full_dn,13,0.0007108583845827886,1.0594154754039184,0.8566005300479909,0.7062750333778371,0.703100819776821,0.7333333333333333,0.7263868124212951,1.25,27.16
transformer,full_dn,14,0.0006972579301909579,1.0360757503235598,0.8621875223837834,0.7626835781041389,0.7592212427791742,0.84,0.8378056219004495,1.1,27.42
transformer,full_dn,15,0.0006828427124746193,1.0073150312325887,0.8740061600171908,0.7219626168224299,0.7138207014038637,0.7933333333333333,0.7855603448275863,1.25,29.41
transformer,full_dn,16,0.0006676522425435434,0.9924189680567547,0.8803094334216747,0.7596795727636849,0.7511297782398831,0.8133333333333334,0.8083995088465636,1.15,27.27
transformer,full_dn,17,0.0006517281564199351,0.9603776458119024,0.889477831100924,0.7419893190921228,0.7325623853535479,0.7933333333333333,0.7844315793400461,1.2000000000000002,27.37
transformer,full_dn,18,0.0006351141009169894,0.9310951242644315,0.9004369314519017,0.7476635514018691,0.7473979860848303,0.7666666666666667,0.7673045617142982,1.2000000000000002,29.55
transformer,full_dn,19,0.000617855614006011,0.9236133939753152,0.9018694935892845,0.7623497997329773,0.7548334286507686,0.8266666666666667,0.8201852956036527,1.2000000000000002,27.61
transformer,full_dn,20,0.0006000000000000002,0.8955807736059817,0.9121839409784399,0.7089452603471295,0.7107670754141758,0.7666666666666667,0.7693622114577481,1.3,27.83
transformer,full_dn,21,0.0005815961998958188,0.8869254724078223,0.9125420815127856,0.7656875834445928,0.7654735075683392,0.8266666666666667,0.8302300750366352,1.25,27.87
transformer,full_dn,22,0.0005626946572303203,0.8775111791927197,0.9186304705966621,0.7857142857142857,0.7816532065396596,0.84,0.8388765022137887,1.2000000000000002,27.73
transformer,full_dn,23,0.0005433471798181204,0.8498117347884234,0.9256500250698374,0.7309746328437917,0.7259783520222142,0.8,0.7948053367775338,1.25,29.55
transformer,full_dn,24,0.0005236067977499792,0.832689777382738,0.9335291168254423,0.7880507343124166,0.782112456999396,0.84,0.8352875758453852,1.2000000000000002,27.37
transformer,full_dn,25,0.0005035276180410085,0.815035967142549,0.9373970345963756,0.8000667556742324,0.7955187422833561,0.8266666666666667,0.8205107752778531,1.2000000000000002,27.09
transformer,full_dn,26,0.00048316467632710387,0.8149260600925935,0.9396891340161879,0.7403204272363151,0.7410422488284742,0.7933333333333333,0.7921995308498747,1.3,27.37
transformer,full_dn,27,0.0004625737860160926,0.7993785032578093,0.9424826301840842,0.7630173564753004,0.7519521768821587,0.8133333333333334,0.7968024738419475,1.25,27.3
transformer,full_dn,28,0.0004418113853070616,0.7948769519086741,0.9427691426115608,0.7486648865153538,0.7462329704312471,0.8266666666666667,0.8297719489132167,1.25,29.52
transformer,full_dn,29,0.0004209343824971777,0.7904859586027067,0.9466370603824941,0.777369826435247,0.7667354119866923,0.8,0.783287936758494,1.25,27.48
transformer,no_dn,1,0.0007994518139018296,1.6619626534855234,0.4455984528328916,0.5026702269692924,0.4706173762155698,0.56,0.5227522828665296,1.0,27.56
transformer,no_dn,2,0.0007978087581473094,1.3163075473637988,0.6124919418379772,0.5744325767690254,0.551435492816697,0.62,0.5841319695943468,1.15,29.67
transformer,no_dn,3,0.0007950753362380552,1.1799061497408292,0.6770288661270683,0.6608811748998665,0.6491690537470796,0.6933333333333334,0.6818270232183276,1.05,27.48
transformer,no_dn,4,0.0007912590402935224,1.0888857158093985,0.7194327053935965,0.6355140186915887,0.6131661229260643,0.6666666666666666,0.6488305986560149,1.25,27.58
transformer,no_dn,5,0.0007863703305156274,1.0309382089186292,0.7427834682329346,0.7283044058744993,0.7203732722393229,0.7666666666666667,0.7598036840911131,1.0,27.73
transformer,no_dn,6,0.0007804226065180616,0.9750589760332973,0.7695007520951221,0.6348464619492656,0.6101743777585826,0.6533333333333333,0.6242626460049328,1.3,29.73
transformer,no_dn,7,0.0007734321705988808,0.9533607397258098,0.7788124059881097,0.7326435246995995,0.7331727713418432,0.7933333333333333,0.7908481520971008,1.0,27.52
transformer,no_dn,8,0.0007654181830570405,0.916163845207756,0.7966478045985245,0.7319759679572764,0.7160255952318753,0.8066666666666666,0.788897486591691,1.15,27.42
transformer,no_dn,9,0.0007564026096753473,0.8743307749475878,0.8110450540792207,0.692256341789052,0.6919721620582779,0.7466666666666667,0.7417613880372501,1.2000000000000002,27.48
transformer,no_dn,10,0.0007464101615137757,0.8356155482756614,0.8283790559415515,0.6358477970627503,0.6192561674240282,0.7,0.6842084327891779,1.4,27.65
transformer,no_dn,11,0.0007354682271781698,0.8162345938316756,0.838192106582623,0.6985981308411215,0.6920854462324867,0.76,0.7578365144679137,1.25,27.48
transformer,no_dn,12,0.0007236067977499792,0.8066548783358526,0.8462144545519662,0.6972630173564753,0.6949201548879523,0.7733333333333333,0.7698434990674734,1.25,27.67
transformer,no_dn,13,0.0007108583845827886,0.7775317861873144,0.8555977365518229,0.6932576769025367,0.6754155486200787,0.7533333333333333,0.7352844721775111,1.3,27.75
transformer,no_dn,14,0.0006972579301909579,0.7583369070996392,0.8639065969486427,0.7510013351134847,0.7477659775538511,0.8,0.7899821322327581,1.2000000000000002,27.79
transformer,no_dn,15,0.0006828427124746193,0.742772396933801,0.8704247546737339,0.7139519359145527,0.7063666685269897,0.7666666666666667,0.7527270376158761,1.25,27.78
transformer,no_dn,16,0.0006676522425435434,0.7150477452082088,0.8840340949788698,0.7860480640854473,0.7833630564227873,0.8733333333333333,0.8731569595793734,1.15,27.78
transformer,no_dn,17,0.0006517281564199351,0.6965559383371431,0.8929159802306426,0.7827102803738317,0.7788678205633832,0.8533333333333334,0.8472029388490491,1.15,27.51
transformer,no_dn,18,0.0006351141009169894,0.6747224602519283,0.9000071628106869,0.6809078771695594,0.6891386252451991,0.7266666666666667,0.7361908644094243,1.35,27.6
transformer,no_dn,19,0.000617855614006011,0.6679773906882364,0.9045197335434424,0.7696929238985314,0.7667075509512817,0.82,0.8126513510606947,1.2000000000000002,27.62
transformer,no_dn,20,0.0006000000000000002,0.6556933851776932,0.9102499820929733,0.7623497997329773,0.7603532505897338,0.8333333333333334,0.8351637920848155,1.2000000000000002,27.51
transformer,no_dn,21,0.0005815961998958188,0.650454105342769,0.9095337010242819,0.7520026702269693,0.7479092743978483,0.8,0.800815427797135,1.3,27.66
transformer,no_dn,22,0.0005626946572303203,0.6363531545089554,0.9202062889477831,0.7232977303070761,0.7246795428729373,0.8,0.7960607130723376,1.25,27.24
transformer,no_dn,23,0.0005433471798181204,0.612532834603344,0.9287300336652102,0.7626835781041389,0.7614181932118245,0.84,0.8398744536578242,1.2000000000000002,27.41
transformer,no_dn,24,0.0005236067977499792,0.611269447521036,0.9267960747797436,0.7703604806408545,0.7687994952368167,0.8533333333333334,0.8495465432549831,1.25,27.34
transformer,no_dn,25,0.0005035276180410085,0.597387817423252,0.9346751665353484,0.7646862483311081,0.7578459824093822,0.84,0.8355597002532488,1.3,27.62
transformer,no_dn,26,0.00048316467632710387,0.5943708206246024,0.9358928443521237,0.7556742323097463,0.7537067394570214,0.84,0.8385877497759058,1.3,27.91
transformer,no_dn,27,0.0004625737860160926,0.5851743514118901,0.9414082085810472,0.7947263017356475,0.7916209631098102,0.8466666666666667,0.8461708738000207,1.25,27.84
transformer,no_dn,28,0.0004418113853070616,0.5761821024414974,0.9439151923214669,0.7566755674232309,0.755909599492244,0.8133333333333334,0.8131801226010372,1.3,27.8
transformer,no_dn,29,0.0004209343824971777,0.5725746867513428,0.9459207793138027,0.7596795727636849,0.7567270054779005,0.8066666666666666,0.8111153720255031,1.3,29.97
transformer,no_dn,30,0.0004000000000000003,0.565724639686453,0.9467086884893632,0.7763684913217623,0.7763337193917021,0.8466666666666667,0.8462501629195177,1.3,27.67
transformer,no_dn,31,0.00037906561750282274,0.5667022624369995,0.9468519447031015,0.7566755674232309,0.7528943946210181,0.7933333333333333,0.7884595959595959,1.3,27.65
